age,monthly_income,employment_status,years_employed,credit_history_years,existing_loans,late_payments,defaulted_before,requested_amount,monthly_debt,debt_to_income,loan_to_income,credit_score,risk_level,approved
56,38984,Self-Employed,24,16,0,5,0,70950,4845,0.12428175661809973,0.1516647855530474,605.9863020726452,Medium,1
46,29616,Self-Employed,3,6,1,4,1,64612,3598,0.1214883846569422,0.18180488024491265,464.5131010264722,High,0
32,5113,Employed,9,13,2,1,0,69873,2392,0.46782710737336203,1.1388128300410718,550.5319773127322,Medium,1
60,16760,Unemployed,18,11,0,3,0,120792,4112,0.24534606205250598,0.6005966587112171,579.5226730310262,Medium,1
25,24927,Employed,17,16,4,1,0,198074,2871,0.11517631483933084,0.6621802329468716,616.448028242468,Medium,1
38,23939,Employed,4,13,4,4,0,188580,2677,0.11182589080579806,0.6564601695977276,542.1932829274406,High,0
56,35419,Employed,29,5,0,3,0,174451,1401,0.03955504107964652,0.41044590003482123,585.6266410683531,Medium,1
36,15588,Employed,18,18,4,1,0,129814,817,0.05241211188093405,0.6939846890770678,632.0714652296639,Medium,1
40,39142,Unemployed,25,5,4,3,0,20231,1660,0.042409687803382556,0.04307180692521247,567.3265290480814,Medium,1
28,36397,Employed,22,17,1,2,0,92385,4562,0.12534000054949584,0.21152155397422864,657.2679066956068,Medium,1
28,19653,Employed,26,4,2,2,1,46163,4723,0.2403195440899608,0.19574195627469937,469.41713733272275,High,0
41,13831,Employed,21,5,1,5,0,126880,2438,0.1762706962620201,0.7644662955197262,497.979538717374,High,0
53,8724,Employed,15,1,2,2,0,167748,2983,0.3419303071985328,1.6023613021549747,457.8266850068776,High,0
57,14083,Employed,0,7,4,1,0,92592,1210,0.08591919335368885,0.5478946247248455,581.8160193140666,Medium,1
41,22816,Employed,11,14,2,4,0,111564,599,0.026253506311360447,0.4074772089761571,592.4009467040673,Medium,1
20,9276,Employed,23,14,4,3,0,60535,1846,0.19900819318671842,0.5438317521920368,563.4891116860715,Medium,1
39,16994,Unemployed,1,10,4,0,0,115952,1855,0.10915617276685889,0.5685928366874583,612.7856890667294,Medium,1
19,26499,Employed,20,0,1,2,0,182182,1887,0.07121023434846598,0.5729209907292099,557.0795124344314,Medium,1
41,26040,Employed,24,17,1,2,1,183050,679,0.0260752688172043,0.5857974910394266,546.7231182795699,High,0
61,19959,Employed,7,11,3,0,0,140824,3252,0.1629340147301969,0.5879720092857024,620.1695976752343,Medium,1
47,9099,Self-Employed,17,11,0,0,0,29507,1835,0.20167051324321353,0.2702403194490237,664.585119243873,Medium,1
55,22576,Employed,24,10,3,1,0,129225,4030,0.17850815024805103,0.47699991141034725,599.959027285613,Medium,1
19,38946,Employed,15,7,3,3,0,115282,2177,0.05589790992656499,0.24667060374193328,573.4920145842963,Medium,1
38,9116,Employed,4,6,2,2,0,177567,148,0.016235190873189996,1.623217419921018,520.6587318999561,High,0
50,18563,Unemployed,25,1,4,4,0,196958,1495,0.08053655120400798,0.8841871823879043,472.2843829122447,High,0
29,29788,Employed,29,10,4,1,0,75559,4913,0.16493218745803678,0.21137986213687837,607.5253457768229,Medium,1
39,29928,Self-Employed,21,9,4,1,0,5982,1744,0.0582731889869019,0.016656642608928095,627.0078187650361,Medium,1
61,39336,Employed,12,2,0,4,0,134128,1646,0.041844620703681105,0.2841502271032472,557.9296318893635,Medium,1
42,12847,Employed,18,19,2,4,0,152218,2995,0.23312835681482058,0.9873770789548793,557.7819724449288,Medium,1
44,29155,Self-Employed,28,9,2,5,0,190915,1672,0.05734865374721317,0.5456897044532099,535.3767792831418,High,0
59,17135,Employed,2,17,4,4,0,81737,1939,0.1131601984242778,0.39751483318743314,577.5698861978407,Medium,1
45,20774,Unemployed,25,13,3,0,0,87446,657,0.0316260710503514,0.35078303006963835,660.1578896697795,Medium,1
33,4742,Unemployed,7,17,0,2,0,93567,3667,0.7733024040489245,1.644295655841417,503.545972163644,High,0
32,21309,Unemployed,26,7,3,5,1,28636,1053,0.04941573982824159,0.1119871102976833,442.35088460275,High,0
64,3619,Employed,25,9,1,0,1,87850,4071,1.1248963802155292,2.022888459058672,328.6391268306162,High,0
61,20658,Self-Employed,25,12,2,5,0,163404,576,0.027882660470519894,0.6591635201858844,547.1042695323846,High,0
20,37707,Employed,11,7,2,2,0,187506,3095,0.08208025035139364,0.4143925531068502,590.2868167714217,Medium,1
54,23337,Unemployed,1,3,3,5,0,88866,3031,0.12987959035008784,0.31732870548913744,500.3747268286412,High,0
24,19001,Self-Employed,10,3,0,0,0,197343,4818,0.25356560181043103,0.8654939213725593,582.6424925003946,Medium,1
38,3968,Self-Employed,11,4,2,3,0,67726,4779,1.2043850806451613,1.4223370295698925,360.1335685483871,High,0
26,28892,Employed,27,0,3,2,0,85901,4837,0.16741658590613318,0.24776466380543632,545.0441298629378,High,0
56,28619,Employed,17,16,0,1,0,146180,2972,0.10384709458751179,0.4256496267048697,671.9993710472064,Medium,1
35,3281,Employed,12,1,3,2,0,73896,3948,1.2032916793660469,1.8768668088997258,327.9929899420908,High,0
21,30420,Self-Employed,4,7,0,2,0,178625,2045,0.06722550953320185,0.4893299364453211,607.5731426692965,Medium,1
42,18360,Employed,21,6,4,2,0,45880,3936,0.21437908496732025,0.20824255628177196,561.7799564270152,Medium,1
31,4058,Employed,11,14,0,3,0,57077,2948,0.7264662395268605,1.172108592081485,502.4975357318877,High,0
26,23677,Self-Employed,1,4,1,0,0,8625,1627,0.0687164759048866,0.03035646407906407,649.9326350466697,Medium,1
43,13724,Employed,4,1,4,1,0,43237,1488,0.10842320023316818,0.26253886136209076,566.2368842902944,Medium,1
19,31404,Employed,6,6,3,0,0,6223,4145,0.13198955547064067,0.016513289177599456,633.1704559928671,Medium,1
37,32856,Employed,25,7,4,5,0,195375,4198,0.12776966155344532,0.4955335402970538,499.9356281957633,High,0
45,12200,Employed,25,6,4,5,0,70197,4463,0.3658196721311475,0.4794877049180328,467.33237704918037,High,0
64,36997,Employed,23,6,3,5,0,79693,935,0.025272319377246805,0.17950329305979765,536.1971240911424,High,0
24,28611,Employed,11,13,3,0,0,116555,3563,0.12453252245639788,0.339481900900586,649.6871832511971,Medium,1
61,38057,Employed,15,17,1,4,0,42760,3629,0.09535696455317025,0.09363148260066041,627.9392752975799,Medium,1
25,4239,Employed,22,5,3,3,0,115174,1714,0.40434064637886297,2.2641739403947474,400.62868601085154,High,0
64,3125,Self-Employed,7,3,2,4,0,132192,1802,0.57664,3.52512,300.0,High,0
52,26857,Employed,29,9,2,5,0,194038,1420,0.05287262166288118,0.6020714649191397,532.5309975053058,High,0
31,18398,Employed,27,17,1,3,0,34024,3591,0.19518425915860418,0.1541109540892126,632.3312316556148,Medium,1
34,9638,Unemployed,8,11,0,0,0,28202,3520,0.3652210002075119,0.2438438126858961,646.5428512139448,Medium,1
53,9570,Employed,14,15,0,5,0,124414,3311,0.34597701149425286,1.0833681644026472,518.4806687565308,High,0
57,6249,Employed,4,6,2,0,0,56524,2305,0.36885901744279087,0.7537739371632795,570.5104816770684,Medium,1
21,12110,Self-Employed,12,5,3,3,0,179980,1995,0.16473988439306358,1.2385081200110102,490.92072667217167,High,0
19,16605,Unemployed,4,4,1,0,0,172139,1967,0.11845829569406806,0.863891398173241,593.9515206263175,Medium,1
23,15115,Self-Employed,10,2,0,0,0,145432,3714,0.24571617598412174,0.8018083581431249,582.4055573933178,Medium,1
59,25911,Self-Employed,9,11,0,1,0,103228,4035,0.1557253676044923,0.3319954202204984,646.3932306742311,Medium,1
21,35556,Self-Employed,19,14,4,4,0,109755,4485,0.12613904826189673,0.2572350658116774,569.4292102598718,Medium,1
46,15595,Employed,12,9,2,4,0,149013,4868,0.31215133055466493,0.7962648284706637,509.76595062520033,High,0
35,4969,Self-Employed,8,19,3,4,1,20993,3458,0.6959146709599517,0.35206614342255316,430.3662708794526,High,0
43,20275,Employed,20,18,1,2,0,19620,393,0.01938347718865598,0.08064118372379778,682.8355117139334,Low,1
61,7470,Unemployed,13,15,0,1,1,128271,4778,0.6396251673360107,1.4309571619812584,442.3875502008032,High,0
51,13225,Employed,17,10,4,5,0,25193,3730,0.2820415879017013,0.15874606175173284,516.6302457466919,High,0
27,26196,Employed,14,7,2,5,0,56559,4365,0.16662849289967935,0.17992250725301573,534.2092304168575,High,0
53,16669,Employed,9,2,2,5,0,26248,4244,0.25460435539024534,0.13122162897194392,501.5741796148539,High,0
31,18577,Self-Employed,23,6,1,4,0,181924,4906,0.2640900037681003,0.8160808167806068,509.3443505409915,High,0
48,25473,Employed,6,6,0,4,0,141099,27,0.001059945824991167,0.4615965924704589,572.1770109527735,Medium,1
32,31625,Unemployed,7,13,1,1,0,68410,3491,0.11038735177865612,0.1802635046113307,660.9377075098814,Medium,1
25,18504,Self-Employed,27,1,1,0,0,9260,4261,0.23027453523562472,0.041702694912811644,614.8648940769564,Medium,1
31,27089,Employed,2,9,4,4,0,42596,1173,0.043301709180848316,0.1310371983708024,561.94156299605,Medium,1
40,39487,Self-Employed,14,18,2,5,0,14012,338,0.008559779167827386,0.029570913634023012,617.1985716818193,Medium,1
57,3302,Self-Employed,15,8,3,0,0,30823,1068,0.3234403391883707,0.7778871391076115,574.5139309509389,Medium,1
38,34463,Self-Employed,3,15,2,4,0,78851,841,0.024402982909206977,0.1906658348567062,610.6316919594929,Medium,1
33,32259,Employed,20,18,2,3,0,52027,4284,0.1328001487956849,0.13439918575694637,636.000030999101,Medium,1
62,33659,Employed,5,17,4,2,0,88794,4746,0.14100240648860632,0.21983719064737514,624.8894797825247,Medium,1
35,38840,Employed,0,8,3,4,0,30099,293,0.007543769309989701,0.06457904222451082,575.2200051493305,Medium,1
64,34890,Employed,3,15,0,3,0,106427,1857,0.0532244196044712,0.25419652240374513,643.3612783032388,Medium,1
41,16598,Unemployed,10,12,3,1,0,41992,1322,0.0796481503795638,0.2108286138892236,637.7925051210989,Medium,1
43,22508,Employed,11,9,0,3,0,124942,1647,0.07317398258397015,0.46258367395296485,598.4641016527456,Medium,1
42,16380,Self-Employed,25,19,3,1,0,122886,4898,0.299023199023199,0.6251831501831502,621.6062271062272,Medium,1
62,29984,Employed,28,13,1,4,0,147049,3620,0.12073105656350053,0.4086874110636784,585.9910285485593,Medium,1
58,11125,Employed,4,11,3,1,0,192306,4526,0.4068314606741573,1.4404943820224718,519.7505617977529,High,0
46,39059,Self-Employed,22,18,4,3,1,183448,3094,0.07921349752937863,0.39139080194918796,507.0109321795233,High,0
32,7033,Unemployed,28,6,0,2,1,170050,3491,0.49637423574576994,2.014905919711835,359.54073652779755,High,0
62,20087,Employed,20,14,2,0,0,14218,3495,0.17399312988500024,0.05898508156187252,675.5817195200876,Medium,1
18,8704,Employed,15,15,4,0,0,26788,4582,0.5264246323529411,0.2564721200980392,606.4407169117648,Medium,1
42,10848,Employed,12,7,0,2,0,25501,3801,0.35038716814159293,0.1958963249754179,591.1997603244838,Medium,1
24,24592,Employed,12,9,0,5,0,108733,88,0.0035783994795055302,0.3684565441335936,572.4631994144437,Medium,1
26,9924,Employed,16,3,2,0,0,20210,4366,0.43994357114066907,0.16970643557705226,582.0243853284966,Medium,1
41,30208,Employed,26,18,1,4,0,133476,1956,0.0647510593220339,0.368213718220339,620.1370497881356,Medium,1
18,22614,Employed,6,18,4,5,0,79225,899,0.039754134606880695,0.29194672916482417,577.7127000972848,Medium,1
61,3488,Self-Employed,7,14,2,4,0,181561,3477,0.9968463302752294,4.337753249235474,300.0,High,0
25,28923,Employed,12,13,2,3,0,68721,1744,0.0602980327075338,0.19799986170175984,615.8842443729903,Medium,1
41,38941,Employed,22,0,1,3,0,178725,4373,0.11229809198531111,0.3824696335481883,543.5760509488714,High,0
28,32165,Employed,26,15,4,5,0,177022,2253,0.07004508005596145,0.4586299808280222,549.0767915436033,High,0
34,4667,Self-Employed,15,9,2,5,1,144988,3661,0.7844439682879795,2.588886508106564,300.0,High,0
25,29213,Unemployed,29,18,1,5,0,36449,2960,0.101324752678602,0.10397482855806205,611.602539965084,Medium,1
52,7114,Employed,28,2,4,5,0,94333,1633,0.22954737138037673,1.1050159310280199,426.1533595726736,High,0
52,39321,Self-Employed,3,4,3,1,0,25782,861,0.021896696421759364,0.05464001424175377,614.0939955748837,Medium,1
50,10761,Employed,7,8,0,5,0,25243,4701,0.436855310844717,0.19548214230399902,525.8484341603939,High,0
22,34116,Employed,15,17,1,5,0,34379,1013,0.0296928127564779,0.08397574940399422,616.398317504983,Medium,1
59,36768,Employed,20,10,0,3,1,42780,3299,0.08972476066144473,0.09695931244560488,523.4154699738904,High,0
56,28426,Employed,9,15,3,4,0,166812,1506,0.05297966650249771,0.48902413283613594,579.3009920495322,Medium,1
58,20772,Self-Employed,24,1,2,3,0,119944,3205,0.1542942422491816,0.481192631105976,527.6131330637396,High,0
45,6712,Unemployed,11,11,2,0,0,24984,4803,0.7155840286054828,0.3101907032181168,580.5184743742551,Medium,1
24,4367,Employed,11,5,4,1,0,5050,977,0.22372337989466454,0.096366689565682,582.3711930386993,Medium,1
26,29200,Self-Employed,25,10,1,1,1,142662,3461,0.11852739726027398,0.40714041095890413,531.3482876712328,High,0
25,6726,Employed,4,7,1,4,1,45205,1817,0.2701457032411537,0.5600778075131331,428.9778471602736,High,0
29,26616,Employed,15,11,4,5,0,20162,3684,0.13841298467087465,0.06312618976054503,544.6028704538624,High,0
51,30723,Employed,0,1,0,3,0,54746,4058,0.13208345539172606,0.1484935281927763,570.2403736614262,Medium,1
50,37958,Employed,27,8,2,0,0,149177,2634,0.06939248643237263,0.3275045225424592,642.0226302755677,Medium,1
40,12108,Employed,8,14,2,3,0,173571,4901,0.4047737033366369,1.1946027419887677,519.7509910802775,High,0
41,15178,Employed,11,1,1,5,0,172713,4815,0.31723547239425487,0.9482639346422453,450.0359072341547,High,0
54,38643,Employed,4,0,1,5,0,16628,3666,0.09486841083766788,0.03585815456011869,526.4643014258727,High,0
52,34324,Employed,21,9,4,2,1,178104,948,0.027619158606223052,0.4324088101619858,485.7411723575341,High,0
61,20824,Self-Employed,19,1,3,3,0,43516,473,0.02271417595082597,0.1741420156229991,551.8257779485209,Medium,1
57,11927,Employed,21,11,0,4,1,92157,567,0.047539196780414184,0.6438962018948604,480.66152427265865,High,0
39,31144,Unemployed,27,7,3,3,0,137548,3432,0.11019779090675572,0.36804306875588666,559.6936809658362,Medium,1
44,34010,Employed,23,4,3,1,0,124558,4023,0.11828873860629227,0.305199451141821,587.4933842987357,Medium,1
52,25443,Self-Employed,2,0,1,0,1,45800,2258,0.08874739614039225,0.15000851576727064,520.3498015171167,High,0
18,17437,Unemployed,4,14,1,4,0,40788,3144,0.18030624534036818,0.19493032058266904,596.6674313241957,Medium,1
52,14207,Self-Employed,1,5,1,2,1,125754,4310,0.3033715773914268,0.737629337650454,444.33765045400156,High,0
54,28537,Employed,13,11,3,0,0,31240,4995,0.17503591828152923,0.0912265947132962,648.5220941234188,Medium,1
64,38757,Self-Employed,1,7,0,0,0,146994,1982,0.051139149056944555,0.3160590344969941,659.8997600433471,Medium,1
31,15040,Employed,12,12,1,1,1,69198,1096,0.07287234042553191,0.38341090425531915,548.2506648936171,High,0
20,25612,Employed,6,18,2,1,0,63739,3570,0.13938778697485554,0.20738651153105314,670.8302748711542,Medium,1
18,31441,Employed,9,0,0,1,1,17089,3390,0.10782099805985815,0.0452938307729822,514.3438503864381,High,0
22,9471,Employed,12,10,2,4,1,37600,2672,0.2821243796853553,0.3308344771759406,446.29500580720094,High,0
43,38631,Employed,15,19,0,3,0,182248,3646,0.09438016101058735,0.3931384984425289,650.0860707721778,Medium,1
31,29523,Unemployed,25,0,1,0,0,13167,2419,0.0819361176032246,0.037165938420892185,627.9377095823595,Medium,1
56,34348,Self-Employed,13,7,4,3,0,83352,4279,0.12457785023873297,0.20222429253522767,557.9172004192384,Medium,1
44,4177,Employed,10,4,1,3,0,157236,3348,0.8015322001436438,3.136940387838161,315.59971271247304,High,0
26,7760,Unemployed,9,16,3,1,0,90965,673,0.08672680412371134,0.9768578178694158,610.9813144329897,Medium,1
32,35779,Employed,5,7,3,3,0,130540,2802,0.07831409486011348,0.304042408489151,567.3597641074373,Medium,1
32,24636,Unemployed,3,9,0,0,0,36415,2369,0.09616009092385128,0.12317678735725497,676.0701818477025,Medium,1
43,19353,Employed,20,1,3,0,0,76895,4530,0.23407223686250195,0.33110714962365867,577.0449025990802,Medium,1
59,14556,Employed,0,8,1,5,0,84900,1066,0.07323440505633416,0.48605386095081066,542.0486397361913,High,0
30,30598,Self-Employed,6,2,2,2,0,99330,687,0.02245244787240996,0.27052421726910253,581.0742532191647,Medium,1
49,14563,Self-Employed,23,17,1,4,0,63650,4983,0.3421685092357344,0.3642221154066241,582.0864519673144,Medium,1
56,11234,Self-Employed,8,6,0,3,1,195053,68,0.0060530532312622395,1.4468948430360216,432.45994303008723,High,0
49,28519,Unemployed,7,14,3,4,0,5615,2103,0.07374031347522704,0.016407190527952125,600.1667309512957,Medium,1
21,29966,Self-Employed,4,19,2,4,0,181684,419,0.01398251351531736,0.5052503948919888,613.0070746846426,Medium,1
47,19173,Self-Employed,18,17,4,4,0,82937,3998,0.20852240129348562,0.36047653818738157,568.3487195535389,Medium,1
54,29987,Unemployed,9,2,2,5,0,46936,2597,0.0866041951512322,0.13043429930747769,521.7814386234035,High,0
40,16178,Self-Employed,10,13,2,4,1,165444,4338,0.26814192112745705,0.8522067004574113,431.6905674372604,High,0
56,27596,Employed,24,1,1,5,0,112812,2124,0.07696767647485142,0.34066531381359616,515.3239599942021,High,0
62,36174,Unemployed,14,13,4,0,0,72875,3892,0.10759108752142423,0.1678807062162511,652.0162271244541,Medium,1
32,7431,Employed,5,10,0,3,0,86782,439,0.05907684026375992,0.9731978648006101,574.5189072803122,Medium,1
60,30764,Self-Employed,14,15,0,5,0,66700,1286,0.041802106358080876,0.18067654834655225,609.1431543362372,Medium,1
46,24627,Unemployed,4,7,2,2,0,13109,1208,0.049051853656555816,0.04435849541830782,616.4522678361149,Medium,1
53,11906,Self-Employed,28,6,2,4,0,28758,1078,0.09054258357130858,0.20128506635309928,557.057785990257,Medium,1
30,39914,Self-Employed,18,10,3,2,0,113592,2563,0.06421305807486095,0.23715989377160895,608.0648394047201,Medium,1
49,16076,Self-Employed,21,2,4,0,0,18317,3623,0.22536700671808907,0.09495002902877996,587.2589574521025,Medium,1
24,9012,Employed,18,16,2,0,1,187495,1253,0.13903683976919662,1.7337531439562066,489.290390590324,High,0
39,10151,Unemployed,9,13,3,1,0,30622,3357,0.33070633435129543,0.2513873838373888,610.2319968476012,Medium,1
45,31211,Employed,11,5,4,4,0,11800,3209,0.10281631476082151,0.0315059861373661,540.7716830604595,High,0
19,30117,Employed,21,7,0,1,0,40539,3549,0.11784042235282399,0.11217086695221967,644.128897300528,Medium,1
59,39378,Employed,3,4,3,2,0,138672,614,0.015592462796485348,0.2934633551729392,580.5211031540455,Medium,1
62,9894,Employed,17,7,4,3,1,90163,3078,0.31109763493026077,0.7594080587561485,402.10380028299977,High,0
23,16467,Employed,15,1,3,1,0,165441,2723,0.16536102508046396,0.8372350762130322,534.9225724175624,High,0
45,34010,Self-Employed,7,14,2,0,0,21689,3490,0.10261687738900323,0.05314368323042242,684.4973537194943,Low,1
45,15289,Employed,3,11,1,4,0,86459,3543,0.23173523448230754,0.4712483920901738,558.9168683367127,Medium,1
61,26171,Employed,24,16,0,2,0,43469,4515,0.1725192006419319,0.1384133837708405,660.9928928967178,Medium,1
61,37905,Employed,22,0,2,5,0,137030,1900,0.05012531328320802,0.30125752978938575,505.9095106186519,High,0
37,23829,Employed,11,14,2,0,0,65012,4371,0.1834319526627219,0.22735602277337139,664.346804314071,Medium,1
47,37054,Self-Employed,1,13,4,5,0,65021,1712,0.04620283909969234,0.14623027653334772,560.681842716036,Medium,1
28,32734,Employed,3,19,3,3,0,186854,2329,0.07114926376244883,0.4756878678641983,617.9208162766541,Medium,1
45,10052,Employed,4,15,0,4,0,195387,3619,0.36002785515320335,1.6198020294468762,504.608535614803,High,0
42,6654,Employed,2,8,2,3,0,29642,1194,0.17944093778178538,0.37123033764151886,566.1932672076946,Medium,1
56,26486,Employed,8,0,4,3,1,84003,4906,0.18522993279468397,0.2643000075511591,411.9144076115684,High,0
50,21743,Employed,28,16,0,4,0,128714,1378,0.06337671894402797,0.4933158564442196,612.7958423400635,Medium,1
18,27489,Employed,20,12,3,4,0,5205,1312,0.047728182181963695,0.015779038888282585,593.3258758048675,Medium,1
44,11636,Self-Employed,17,4,2,5,0,97945,2915,0.2505156411137848,0.7014509568007333,477.8510656583018,High,0
30,9441,Self-Employed,10,9,2,3,0,17442,749,0.07933481622709458,0.15395614871306007,596.242453129965,Medium,1
58,27611,Employed,2,5,2,2,0,96826,300,0.010865234870160443,0.2922325643161542,596.1622179566116,Medium,1
20,15149,Unemployed,29,18,0,5,0,141763,4695,0.3099214469601954,0.7798259511078839,556.0198692983035,Medium,1
56,37566,Employed,24,12,0,4,0,43909,3982,0.10600010647926317,0.0974041242967932,611.4357397646809,Medium,1
23,24675,Employed,22,0,0,0,0,24504,4624,0.18739614994934145,0.08275582573454913,622.547112462006,Medium,1
25,8495,Unemployed,1,19,0,5,0,100698,3837,0.4516774573278399,0.9878163625662154,531.5297233666863,High,0
44,16673,Employed,8,14,4,1,0,194123,277,0.016613686799016373,0.9702463064035667,599.791579199904,Medium,1
26,14130,Unemployed,13,13,1,2,0,174870,4758,0.33673036093418257,1.0313163481953291,562.7133757961784,Medium,1
54,25668,Employed,3,7,4,5,0,185402,2558,0.09965716066697834,0.601923276712898,496.92574411718874,High,0
50,18222,Employed,28,9,2,4,0,92087,3917,0.2149599385358358,0.4211347089598654,543.9367248381078,High,0
59,26669,Employed,8,8,4,4,0,46716,2161,0.08103040983913908,0.145974727211369,551.5178671866212,Medium,1
61,37068,Self-Employed,12,16,3,2,0,183054,4675,0.12611956404445884,0.4115274630408978,620.174004532211,Medium,1
41,26253,Self-Employed,17,8,0,1,0,163516,1389,0.05290823905839333,0.519039093944819,632.5086656763036,Medium,1
32,12435,Self-Employed,14,2,3,5,0,160806,690,0.05548854041013269,1.077643747486932,458.68275030156815,High,0
49,31552,Employed,27,10,3,5,0,177817,4732,0.14997464503042596,0.46964006507775524,523.8246386916836,High,0
49,19393,Employed,9,11,2,3,0,39571,3468,0.17882741195276647,0.17003987693153888,593.3383179497757,Medium,1
41,13617,Employed,15,9,0,0,0,151461,1848,0.13571271205111257,0.9269112139237717,623.0998017184402,Medium,1
58,12852,Employed,11,16,3,4,0,98280,4918,0.38266417678182385,0.6372549019607843,535.8450046685341,High,0
29,34401,Unemployed,19,16,2,5,0,50038,4970,0.14447254440277899,0.12121256165033963,585.3905409726461,Medium,1
56,9295,Employed,4,10,0,5,1,77795,3816,0.41054330285099516,0.6974627936166398,408.8870360408822,High,0
19,38993,Self-Employed,1,3,1,5,1,50168,939,0.0240812453517298,0.10721582506261808,445.67730105403535,High,0
20,37084,Self-Employed,9,6,2,1,0,72690,3182,0.08580519900765829,0.16334537806061913,619.9026534354439,Medium,1
54,39451,Employed,0,13,4,0,0,119053,3309,0.08387620085675902,0.251478627495712,649.8461382474461,Medium,1
34,10227,Self-Employed,6,6,0,5,0,16230,2050,0.2004497897721717,0.13224797105700598,548.011146963919,High,0
19,34910,Employed,25,7,3,2,0,88301,1746,0.05001432254368376,0.210782488303256,596.3513319965625,Medium,1
19,39041,Employed,16,0,3,4,0,141974,2451,0.06278015419686996,0.3030446624488785,514.2837017494428,High,0
45,26384,Employed,15,3,4,3,0,71758,24,0.0009096422073984233,0.2266461997170002,551.2920709520922,Medium,1
40,3145,Employed,26,11,4,2,0,32050,2556,0.812718600953895,0.8492315845257021,476.5198728139905,High,0
54,19035,Employed,26,2,3,4,0,104805,60,0.0031520882584712374,0.4588258471237195,522.0921985815603,High,0
49,6040,Employed,23,12,0,1,0,74110,122,0.02019867549668874,1.0224889624724063,626.226821192053,Medium,1
50,29160,Employed,2,19,2,0,0,107033,2102,0.07208504801097394,0.3058784865112026,697.997085048011,Low,1
18,20633,Employed,13,5,4,0,0,81693,1186,0.05748073474531091,0.3299447487035332,608.3056269083507,Medium,1
36,32344,Self-Employed,9,10,4,4,0,127428,1730,0.053487509275290626,0.32831437051694284,553.8826366559485,Medium,1
19,20014,Self-Employed,21,3,4,2,0,24575,4641,0.23188767862496254,0.10232420638886112,551.0340261816729,Medium,1
61,17996,Employed,6,19,1,3,0,195012,4089,0.22721715936874862,0.903034007557235,593.5519004223161,Medium,1
43,14695,Employed,25,15,0,1,1,45244,2472,0.16822048315753657,0.2565725303391176,569.4191902007485,Medium,0
49,5852,Self-Employed,16,6,0,4,1,19962,2965,0.5066643882433356,0.2842617908407382,422.14456596035546,High,0
23,19014,Employed,29,10,0,1,0,105695,2277,0.11975386557273587,0.4632332316538691,637.8355422320395,Medium,1
49,30042,Self-Employed,5,0,0,0,0,95388,4087,0.13604287331069836,0.2645962319419479,617.7990812861993,Medium,1
21,36755,Employed,22,6,0,5,0,82332,2964,0.08064208951163107,0.1866684804788464,559.1228404298735,Medium,1
28,26711,Employed,21,11,3,5,0,160522,1310,0.049043465239040095,0.5007986722074551,539.0668638388678,High,0
34,29122,Employed,3,6,4,3,0,189566,154,0.0052880983448938945,0.5424478630130715,546.8185564178284,High,0
55,12160,Employed,16,6,3,1,1,132386,2212,0.1819078947368421,0.907250548245614,453.73601973684214,High,0
41,30213,Self-Employed,26,9,1,4,0,50037,3253,0.10766888425512197,0.13801178300731473,583.7990269089464,Medium,1
22,10421,Employed,8,15,2,3,0,117666,1262,0.12110162172536225,0.9409365703867191,574.0116111697533,Medium,1
51,24400,Self-Employed,3,7,4,2,0,132048,1362,0.05581967213114754,0.45098360655737707,571.2426229508196,Medium,1
23,36537,Unemployed,6,8,1,5,0,88040,937,0.02564523633576922,0.20080101449672022,564.8745107699045,Medium,1
39,20727,Employed,22,8,3,4,0,116264,511,0.02465383316447146,0.4674418230649234,548.9950306363679,High,0
28,7358,Self-Employed,1,1,2,1,0,166113,186,0.025278608317477577,1.8813196520793694,499.08738787714054,High,0
33,31482,Employed,16,12,1,3,0,15715,1845,0.058604917095483135,0.041597844270800245,630.471539292294,Medium,1
50,35117,Employed,23,12,2,4,0,157875,1702,0.048466554660136114,0.37464048751317025,581.7055841899935,Medium,1
26,26164,Self-Employed,7,3,1,3,0,66726,390,0.014905977679253937,0.21252484329613208,580.4597920807216,Medium,1
23,34910,Employed,22,11,3,3,0,137980,654,0.018733887138355772,0.32937076291416023,592.9896877685477,Medium,1
33,35496,Employed,29,16,2,3,1,123208,4271,0.12032341672301104,0.28925324919239725,518.2059950416949,High,0
46,32371,Employed,14,1,1,1,0,173147,2821,0.08714590219641037,0.44573589529723107,587.7983380185968,Medium,1
20,20625,Employed,14,12,3,4,1,58648,763,0.03699393939393939,0.23696161616161615,481.3430303030303,High,0
37,36893,Unemployed,7,17,4,0,0,26134,3400,0.09215840403328544,0.05903107183837946,680.3991272057029,Low,1
53,13793,Unemployed,15,14,3,0,0,61143,4806,0.3484376132820996,0.36940839556296673,626.0229826723701,Medium,1
36,34007,Self-Employed,18,7,3,1,0,74123,3267,0.09606845649425118,0.18163662383234824,612.573587790749,Medium,1
43,28766,Self-Employed,10,14,4,1,0,181225,1085,0.037718139470207884,0.5249976824491877,623.9739623166238,Medium,1
20,15323,Employed,1,0,3,5,1,138485,1929,0.12588918619069372,0.7531434227414127,359.704692292632,High,0
36,10843,Employed,22,19,4,3,1,158627,4376,0.4035783454763442,1.2191198622767376,423.4234068062344,High,0
37,17210,Employed,23,9,4,4,0,147024,1963,0.11406159209761767,0.7119116792562463,518.5979081929111,High,0
49,19456,Employed,16,11,4,4,0,126657,1785,0.09174547697368421,0.542493318256579,541.4409436677631,High,0
24,34367,Employed,27,4,1,2,0,71686,2274,0.06616812640032589,0.17382469617171512,601.630343061658,Medium,1
58,13106,Unemployed,25,8,2,2,1,117841,2686,0.2049443003204639,0.749281499567628,460.44979398748666,High,0
50,5472,Employed,15,7,1,0,0,37264,2968,0.5423976608187134,0.567495126705653,575.8625730994153,Medium,1
57,9704,Employed,24,15,4,2,0,183625,4572,0.4711459192085738,1.5768841027754879,493.8494435284419,High,0
56,6713,Employed,14,13,2,2,0,190431,715,0.10650975718754656,2.3639579919559064,500.38134962014,High,0
35,8051,Self-Employed,12,12,2,0,0,114885,242,0.030058377841261957,1.1891379952800893,615.0447149422432,Medium,1
57,13756,Self-Employed,14,12,4,5,1,145880,3915,0.2846030822913638,0.8837355820490452,382.8234952020936,High,0
18,5475,Employed,26,4,2,0,0,57330,1523,0.2781735159817352,0.8726027397260274,564.2630136986301,Medium,1
28,39378,Employed,3,15,2,2,0,119672,837,0.021255523388694193,0.2532547784719048,647.2540504850424,Medium,1
45,7255,Self-Employed,15,10,1,4,0,43345,3323,0.4580289455547898,0.49787502871582817,525.1640248104756,High,0
42,17484,Employed,29,4,2,2,0,44222,2953,0.16889727751086708,0.21077365972698847,577.0859071150767,Medium,1
40,37503,Employed,11,12,4,3,0,62755,1345,0.035863797562861635,0.13944440000355526,597.3296802922433,Medium,1
48,11258,Self-Employed,29,10,0,3,0,13933,2423,0.21522472908154203,0.10313406762598448,607.9849884526559,Medium,1
47,38196,Self-Employed,3,18,0,3,1,73207,2028,0.053094564875903236,0.15971785876357036,564.0455806890774,Medium,0
59,11533,Employed,2,2,0,5,0,179811,1432,0.12416543830746553,1.2992499783230729,467.1451487037198,High,0
52,35581,Self-Employed,21,14,4,1,0,183810,239,0.0067170680981422665,0.4304966133610635,633.364155026559,Medium,1
24,8249,Self-Employed,16,6,0,3,0,109691,138,0.016729300521275307,1.1081242170768173,551.5050309128379,Medium,1
33,22201,Employed,21,6,1,4,0,110137,3193,0.14382235034457908,0.41340855517018754,547.9368046484392,High,0
43,12686,Unemployed,17,5,4,5,1,157955,419,0.033028535393347,1.0375939355720216,368.780939618477,High,0
19,35007,Self-Employed,24,2,4,1,0,103818,303,0.008655411774787899,0.24713628702830862,584.1331733653269,Medium,1
18,3661,Self-Employed,17,12,4,1,0,103510,2162,0.5905490303195848,2.356141309296185,437.7656378038787,High,0
29,33137,Self-Employed,22,6,2,3,0,104251,2026,0.06114011527899327,0.2621716912615304,576.932884690829,Medium,1
22,13526,Employed,27,4,2,2,0,179473,4102,0.3032677805707526,1.1057284735570998,507.26415791808375,High,0
54,6374,Employed,16,17,2,0,0,151452,2226,0.34923125196109195,1.980075305930342,554.2877314088485,Medium,1
49,28592,Employed,11,7,3,2,1,23212,1168,0.0408505875769446,0.06765295653795933,506.0387520984891,High,0
26,31982,Employed,22,16,1,2,0,33174,415,0.012976049027578013,0.08643924707648053,673.2565192921018,Medium,1
58,3207,Employed,20,19,4,1,0,142933,2713,0.8459619582164016,3.7140889720403285,360.63922669161207,High,0
52,38433,Unemployed,23,0,4,1,0,142166,149,0.003876876642468712,0.30825505858680474,571.0394712876954,Medium,1
36,26197,Self-Employed,3,13,2,5,0,109649,2444,0.09329312516700386,0.34879629983076943,562.8770469901134,Medium,1
33,36400,Self-Employed,11,16,4,5,0,56319,838,0.023021978021978022,0.12893543956043957,579.5012362637362,Medium,1
20,6083,Unemployed,25,9,4,1,1,182800,1696,0.27880979779713955,2.5042468080442766,351.2880157816867,High,0
37,32328,Self-Employed,22,11,0,4,0,160435,4339,0.13421801534273695,0.41356048420358,584.0802091066568,Medium,1
41,23103,Employed,21,15,4,4,0,92846,1910,0.08267324589880103,0.3348987865933717,574.9852832965415,Medium,1
50,13754,Employed,20,13,3,0,0,175372,1421,0.10331539915660899,1.0625515001696477,608.849062091028,Medium,1
41,37447,Employed,19,15,2,1,0,59808,4974,0.1328277298581996,0.13309477394717867,661.0749859801853,Medium,1
28,18901,Self-Employed,14,7,1,3,0,142015,3001,0.15877466800698375,0.6261353014831667,558.3789217501719,Medium,1
25,36004,Employed,22,9,1,5,1,47616,1320,0.0366625930452172,0.11020997666925897,473.9878902344184,High,0
53,10446,Self-Employed,27,16,0,1,0,79329,4035,0.3862722573233774,0.6328498946965345,625.6763354394027,Medium,1
55,32301,Employed,15,17,1,4,1,161359,1523,0.04715024302653169,0.41629000134154776,514.3645707563234,High,0
57,29116,Self-Employed,4,19,1,1,0,132957,3878,0.1331913724412694,0.3805381920593488,676.1847437834867,Medium,1
37,21752,Self-Employed,20,15,2,4,0,170043,552,0.025376976829716808,0.6514458440603162,582.868012136815,Medium,1
52,35376,Self-Employed,14,16,2,1,0,61152,3756,0.10617367706919946,0.14405246494798735,668.6160108548169,Medium,1
42,19669,Unemployed,16,15,3,3,0,47351,3671,0.18663887335400883,0.20061602860677547,600.5663734811125,Medium,1
52,35916,Self-Employed,17,18,0,0,0,196112,481,0.01339235995099677,0.4550246872331737,711.09143557189,Low,1
42,16395,Unemployed,4,7,1,3,0,127377,599,0.03653552912473315,0.6474382433668802,571.7694419030192,Medium,1
46,23421,Unemployed,12,5,3,4,0,65616,1164,0.04969898808761368,0.23346569318133298,545.0281798386063,High,0
35,29342,Self-Employed,18,5,0,5,0,159969,4678,0.15943016835934837,0.4543231545225274,528.6089905255266,High,0
63,7895,Self-Employed,29,8,1,5,1,28010,4232,0.5360354654844839,0.29565125606924214,397.93666877770744,High,0
35,14023,Employed,12,3,1,2,0,176226,1003,0.07152535120872852,1.047243813734579,543.5823290308779,High,0
19,13699,Employed,17,11,2,3,1,126822,1982,0.14468209358347325,0.7714796700489087,461.3493685670487,High,0
52,12715,Employed,13,11,4,1,0,156186,1634,0.12850963429020842,1.0236335037357451,568.1608336610302,Medium,1
33,22169,Employed,29,16,0,0,0,24050,2997,0.13518877712120528,0.09040401762220518,708.353105688123,Low,1
58,19163,Employed,3,14,1,1,0,26125,686,0.03579815269007984,0.11360869035815548,678.887700255701,Medium,1
53,8782,Unemployed,3,8,0,1,0,186468,3414,0.3887497153268048,1.7694147119107264,517.1851514461399,High,0
50,25641,Unemployed,19,6,3,3,1,180918,1759,0.0686010686010686,0.587984087984088,446.4888264888265,High,0
21,21792,Self-Employed,19,9,3,0,0,156468,4937,0.22655102790014683,0.5983388399412628,601.9135462555066,Medium,1
50,38585,Employed,18,15,4,2,1,97661,2480,0.06427368148244136,0.21092177443738933,524.6318517558636,High,0
31,33682,Employed,12,11,1,1,1,93116,1337,0.03969479247075589,0.23038022286879242,556.4138115313817,Medium,0
38,21880,Employed,11,6,2,0,0,124233,114,0.005210237659963437,0.4731604204753199,630.9851462522852,Medium,1
37,21073,Employed,6,17,1,2,1,175045,3957,0.18777582688748637,0.6922167386387004,520.9338964551796,High,0
25,39035,Employed,24,14,0,1,0,159646,568,0.01455104393493019,0.3408180692540882,677.8047905725631,Medium,1
24,27837,Employed,11,5,3,0,1,95155,1553,0.05578905772892194,0.2848576834189508,521.2138520673923,High,0
20,20826,Unemployed,20,11,0,3,0,134843,2689,0.12911744934216846,0.5395619257978809,597.132190531067,Medium,1
34,27981,Self-Employed,3,10,4,5,0,18869,4590,0.16403988420714055,0.056195871007707614,536.9434616346807,High,0
50,13382,Employed,26,19,3,5,1,67167,3340,0.24958900014945448,0.418267075175609,459.9532954715289,High,0
29,7437,Employed,1,2,2,1,0,192219,2988,0.4017749092375958,2.1538590829635607,442.5554659136749,High,0
39,8435,Employed,1,1,3,1,0,148194,3151,0.37356253704801423,1.4640782454060461,472.3278008298755,High,0
39,27819,Employed,4,5,1,0,0,179899,3527,0.12678385276250045,0.5388972764417604,617.4521010819943,Medium,1
63,39875,Unemployed,22,4,1,5,0,149407,3015,0.07561128526645768,0.3122403343782654,532.1922257053292,High,0
47,34982,Employed,9,17,3,1,0,68576,821,0.02346921273797953,0.16336020429554246,672.3820822137099,Medium,1
55,36328,Employed,9,15,4,2,0,26677,3574,0.0983814137855098,0.06119476253394994,629.5225445937018,Medium,1
55,15329,Employed,8,7,1,1,0,164295,3787,0.24704807880487964,0.8931600234848979,571.7646291343206,Medium,1
62,28169,Employed,12,19,1,5,0,165886,1608,0.05708402854201427,0.4907463287064977,598.7051368525684,Medium,1
25,24932,Self-Employed,6,10,2,4,0,130662,559,0.022420985079416013,0.4367278998876945,571.1058077972084,Medium,1
44,37594,Self-Employed,4,9,3,5,0,179257,4063,0.10807575676969729,0.3973528577255236,528.1897377241049,High,0
44,14421,Self-Employed,25,11,1,2,0,81794,4435,0.3075376187504334,0.4726556179645425,589.7361486720755,Medium,1
51,10629,Employed,9,5,4,0,0,80675,611,0.05748424122683225,0.6325069777652335,590.1514723868662,Medium,1
38,11325,Employed,9,19,0,2,1,47325,2163,0.19099337748344372,0.34823399558498896,561.1867549668874,Medium,0
47,31495,Employed,5,4,3,4,0,45503,1881,0.0597237656770916,0.12039741757950997,545.6093030639785,High,0
50,34750,Unemployed,26,8,2,4,0,24514,4169,0.11997122302158274,0.05878657074340528,572.0762589928058,Medium,1
45,32619,Employed,27,15,1,1,1,61196,3863,0.11842791011373739,0.1563403742195244,571.40822833318,Medium,0
64,11264,Employed,18,13,4,1,0,156989,3708,0.3291903409090909,1.1614361387310606,545.8109907670455,High,0
50,15686,Self-Employed,20,7,3,5,0,190771,1709,0.10895065663649114,1.0134886735517872,481.11660079051387,High,0
22,27226,Self-Employed,7,19,4,3,0,99633,1761,0.06468081980459854,0.3049566590758834,618.9409020788951,Medium,1
36,9721,Employed,0,18,4,2,1,186191,1692,0.17405616706100197,1.5961235126701643,443.3458491924699,High,0
21,23609,Employed,27,13,2,5,0,88324,1245,0.05273412681604473,0.3117596396854307,569.9663264009488,Medium,1
52,10373,Employed,16,6,3,3,0,161133,125,0.012050515762074616,1.2944905041935795,510.8845078569363,High,0
34,31937,Unemployed,6,4,1,5,0,146019,4752,0.14879293609293295,0.3810079218461346,519.28437235808,High,0
61,8656,Employed,13,17,2,4,0,90550,1199,0.1385166358595194,0.8717459950708565,566.0732439926063,Medium,1
45,11984,Unemployed,20,1,1,1,0,85331,2711,0.22621829105473965,0.5933675456163774,562.2517523364486,Medium,1
47,32984,Employed,29,10,0,1,0,168704,3446,0.10447489691971865,0.4262268574662463,641.889400921659,Medium,1
46,11286,Unemployed,20,7,4,5,0,155424,990,0.08771929824561403,1.1476165160375686,465.6166932482722,High,0
63,8901,Self-Employed,16,0,0,1,0,28653,3065,0.3443433322098641,0.26825637568812494,572.5834175935289,Medium,1
23,34552,Employed,8,11,4,0,0,102294,4954,0.1433780967816624,0.2467150960870572,632.9917226209772,Medium,1
52,28709,Unemployed,16,1,2,5,0,48755,1521,0.05297990177296318,0.1415206613489382,520.1511721063082,High,0
58,34055,Employed,4,17,1,4,0,109296,4728,0.1388342387314638,0.267449713698429,612.2929085303185,Medium,1
54,11429,Unemployed,25,6,1,5,1,103354,2498,0.21856680374485957,0.7535946568670342,398.5563041385948,High,0
41,17716,Self-Employed,24,16,2,5,0,76988,2565,0.14478437570557687,0.3621396854067886,570.8974937909235,Medium,1
46,14138,Employed,29,13,3,1,0,42921,4790,0.33880322535012025,0.25298840005658507,609.1643089545904,Medium,1
63,38298,Self-Employed,19,6,0,4,1,195075,2597,0.06781032952112381,0.42446733510888296,466.3947203509322,High,0
48,26429,Unemployed,28,2,0,5,0,51668,115,0.004351280790041242,0.16291447526076153,549.7029777895493,High,0
52,8772,Employed,7,5,1,1,0,60175,1031,0.11753305973552211,0.5716579267365861,596.5965572275421,Medium,1
50,38732,Employed,5,19,1,2,0,183810,1241,0.0320406898688423,0.39547402664463494,667.4266756170608,Medium,1
38,20347,Self-Employed,10,1,1,4,0,58452,1742,0.08561458691699023,0.2393964712242591,540.3624612965057,High,0
49,19920,Self-Employed,18,16,2,3,1,51149,3638,0.18263052208835343,0.21397674029451139,515.2457329317269,High,0
40,34822,Employed,3,11,3,0,0,20839,4399,0.12632818333237608,0.04987029272682021,656.8484004365057,Medium,1
50,26563,Employed,17,11,0,3,0,7155,4090,0.15397357226216918,0.02244663629861085,625.176373150623,Medium,1
20,10967,Employed,0,16,4,4,0,143091,1975,0.18008571168049603,1.0872845810157745,523.152639737394,High,0
35,14871,Employed,12,9,2,5,0,59512,4183,0.2812857238921391,0.3334902382713559,521.2362988366621,High,0
42,31763,Employed,13,2,0,1,0,197762,4403,0.13862040739224885,0.5188479257836687,592.23467556591,Medium,1
59,14916,Unemployed,23,19,3,4,0,91150,4897,0.32830517565030837,0.5092406364530259,565.0489407347815,Medium,1
48,11734,Employed,0,17,2,0,0,131041,163,0.013891256178626214,0.9306360434066246,657.4948866541674,Medium,1
20,36613,Self-Employed,29,12,0,4,0,31190,3310,0.09040504738753995,0.07099026757344841,614.8919782590883,Medium,1
57,31179,Employed,28,11,2,1,1,15928,3388,0.10866288206805863,0.0425713888621615,549.4061708201033,High,0
63,38262,Employed,10,16,0,3,0,53425,995,0.026004913491192307,0.11635783109438433,659.8979405153939,Medium,1
41,15677,Employed,16,3,0,2,0,79134,1877,0.11972954009057855,0.4206480831791797,585.3935701983798,Medium,1
49,21268,Employed,3,9,3,3,0,114875,1823,0.08571562911416213,0.4501089273399787,567.7075888659018,Medium,1
64,15330,Self-Employed,25,10,4,1,0,129264,4906,0.32002609262883236,0.7026744944553164,559.436399217221,Medium,1
39,23733,Unemployed,11,5,3,1,0,185046,2295,0.09670079635949944,0.6497492942316606,574.4109467829604,Medium,1
40,30286,Self-Employed,9,5,0,0,0,115191,3264,0.10777256818331903,0.31695337779832267,643.0500891501024,Medium,1
19,9610,Unemployed,5,8,2,4,0,183868,1348,0.14027055150884496,1.5944155393687132,477.50260145681585,High,0
44,9430,Unemployed,24,14,3,4,0,184815,1803,0.1911983032873807,1.6332184517497348,489.06309650053015,High,0
59,16828,Employed,0,1,4,3,1,108716,2251,0.13376515331590208,0.5383685920291578,406.6460660803423,High,0
19,34497,Self-Employed,6,3,0,2,0,173749,2900,0.08406528103893092,0.41972007227681635,589.7289619387193,Medium,1
43,39618,Self-Employed,25,4,3,2,0,61321,1593,0.04020899591094957,0.12898387938142594,587.4358877278005,Medium,1
34,29526,Employed,26,16,3,0,0,118782,432,0.014631172525909368,0.3352469010363747,678.1294452347083,Medium,1
57,33158,Self-Employed,20,7,3,1,0,114398,3817,0.11511550756981724,0.2875072883366508,603.935701791423,Medium,1
50,28032,Employed,27,7,3,0,0,63973,4917,0.1754066780821918,0.1901784864916286,622.5404894406392,Medium,1
26,32794,Employed,15,11,2,4,1,57414,1070,0.032627919741416114,0.14589559065682747,492.3309141916204,High,0
60,8448,Self-Employed,23,7,4,5,0,161674,4600,0.5445075757575758,1.5947956123737375,383.97135416666663,High,0
56,31861,Employed,13,18,4,5,0,34692,114,0.003578042120460751,0.09073789272150906,594.1263613822542,Medium,1
46,31141,Employed,22,2,0,5,0,110958,1439,0.046209177611508945,0.2969236697601233,536.6394785010115,High,0
59,12074,Unemployed,19,17,1,1,1,53750,1790,0.14825244326652312,0.3709762023079896,564.9511346695379,Medium,0
43,9406,Self-Employed,19,18,2,0,0,157832,994,0.1056772273017223,1.3983273088099795,623.4190941951946,Medium,1
52,34823,Employed,5,18,0,3,0,73456,4318,0.12399850673405508,0.17578420392652366,654.573126956322,Medium,1
42,26291,Self-Employed,21,14,0,4,0,29085,4731,0.17994751055494276,0.09218934236050359,612.8749381917767,Medium,1
41,35003,Employed,24,5,3,5,0,27925,4767,0.136188326714853,0.0664823967469455,524.668456989401,High,0
30,37406,Employed,27,15,1,2,0,10615,957,0.025584130888092818,0.023648166960737137,670.5110142757846,Medium,1
24,26312,Unemployed,4,7,1,0,0,42083,95,0.003610519914867741,0.1332820259450694,666.5698160535118,Medium,1
53,4382,Self-Employed,23,15,2,4,0,115764,2154,0.49155636695572796,2.2015061615700593,433.9228662711091,High,0
62,37171,Employed,20,17,1,4,0,14605,631,0.016975599257485673,0.032742819222870874,640.9983589357295,Medium,1
37,6292,Self-Employed,17,19,0,2,1,116093,3684,0.5855054036872218,1.5375741682559865,442.4849014621742,High,0
18,36187,Unemployed,14,15,1,2,0,49608,1701,0.04700583082322381,0.11423992041340814,662.5049050764086,Medium,1
25,15411,Employed,5,10,1,2,1,133788,697,0.04522743494906236,0.7234442930374408,501.166050223866,High,0
63,18422,Employed,24,6,4,5,0,24192,31,0.0016827706003691239,0.1094343719465856,533.2320052111605,High,0
33,35371,Employed,28,16,0,5,0,139403,4874,0.13779649995759238,0.32843054102701835,593.7585875434678,Medium,1
31,8693,Self-Employed,18,16,1,0,0,56330,548,0.0630392269642241,0.5399938647954293,680.0356608765674,Low,1
29,36535,Self-Employed,0,11,1,2,0,54949,2248,0.06153003968797044,0.1253341544637562,640.0963459696181,Medium,1
40,17818,Self-Employed,0,12,3,3,0,73382,1893,0.10624088000897969,0.34320163130916304,586.6589965203726,Medium,1
32,34238,Unemployed,12,9,1,4,0,104233,2834,0.08277352649103335,0.2536971591019725,579.8453472749577,Medium,1
45,33874,Self-Employed,2,6,1,2,0,173658,1703,0.050274546850091514,0.42721556355907186,598.3341205644447,Medium,1
51,29715,Employed,9,13,4,4,0,57243,1156,0.03890291098771664,0.16053340063940771,580.6996466431095,Medium,1
19,30605,Employed,20,0,0,1,0,105566,343,0.01120731906551217,0.28744213908402766,611.408593367097,Medium,1
49,37317,Employed,2,16,2,1,0,63618,4072,0.10911916820751937,0.14206661843127796,668.381702709221,Medium,1
40,34174,Employed,8,3,0,2,0,143621,3462,0.10130508573769532,0.35021995279062057,591.8301925440393,Medium,1
39,12956,Self-Employed,7,4,3,4,0,123168,2248,0.17351034269836368,0.7922198209323865,491.64556962025324,High,0
42,13837,Unemployed,2,19,0,1,0,57494,944,0.0682228806822288,0.3462576184625762,696.0377972103779,Low,1
39,6716,Employed,24,6,1,2,1,28958,3880,0.577724836212031,0.3593160611475084,439.1140559857058,High,0
39,7481,Employed,12,9,3,4,1,112960,2050,0.27402753642561156,1.2582988014080114,376.6187675444459,High,0
59,27282,Self-Employed,5,16,0,2,0,107478,3285,0.12040906091928744,0.32829338025071475,655.8533098746427,Medium,1
23,9548,Employed,12,6,3,5,0,173610,2855,0.2990155006284039,1.5152387934645999,423.2038123167156,High,0
32,10758,Employed,22,0,2,4,0,10833,1330,0.1236289273099089,0.08391429633760922,530.1296709425544,High,0
60,26177,Employed,19,6,0,1,0,159458,2003,0.07651755357756809,0.5076275610905248,620.3602399052603,Medium,1
54,27022,Employed,19,10,1,2,0,104341,3615,0.13377988305824884,0.32177793402906274,614.6397379912663,Medium,1
50,8542,Unemployed,11,8,3,1,0,99240,1787,0.20920159213298994,0.968157340201358,556.8063685319597,Medium,1
25,28476,Employed,12,11,4,2,0,112955,2246,0.07887343728051692,0.33055614084375146,595.7018190757128,Medium,1
61,33784,Employed,1,2,3,0,0,160904,3672,0.10869050438077196,0.39689399321177676,593.1434998816007,Medium,1
61,25740,Employed,20,3,4,1,0,175002,2155,0.08372183372183373,0.5665695415695415,560.9592074592074,Medium,1
22,27817,Unemployed,23,3,1,1,0,168479,3479,0.12506740482438797,0.5047243292471031,589.7084516662474,Medium,1
56,19052,Employed,22,12,2,3,0,9073,3020,0.15851354188536637,0.03968524739309959,608.5972601301701,Medium,1
21,38153,Employed,15,18,4,5,0,22667,51,0.0013367231934579193,0.04950899448710892,596.8690535475585,Medium,1
23,3671,Employed,22,9,2,1,1,152107,2159,0.5881231272132934,3.452896576772905,300.0,High,0
62,3163,Employed,5,4,3,4,0,11732,4390,1.3879228580461587,0.30909474127937614,374.9035725576984,High,0
49,7795,Employed,18,6,1,2,0,60097,3651,0.46837716484926234,0.642473807996579,535.2463117382937,High,0
47,13634,Self-Employed,20,15,4,0,0,8487,3915,0.2871497726272554,0.05187399149185859,647.4295877952178,Medium,1
64,7798,Employed,12,0,3,4,0,62702,2112,0.27083867658373945,0.670064973924938,467.295460374455,High,0
52,25420,Employed,16,11,0,4,0,99961,2621,0.10310778914240755,0.32769800681877786,592.9651848937845,Medium,1
57,32300,Self-Employed,22,1,3,4,0,90107,4560,0.1411764705882353,0.23247420020639836,514.1103715170278,High,0
33,27345,Employed,8,6,2,4,0,165147,4729,0.17293837995977326,0.5032821356737978,529.0504662643993,High,0
30,13749,Employed,16,10,1,0,1,112721,1354,0.0984798894465052,0.6832072635585619,537.1899774529057,High,0
59,28121,Employed,28,12,1,3,0,76031,3754,0.13349454144589454,0.22530908099522304,610.4621101667792,Medium,1
47,31411,Unemployed,1,1,3,5,1,89217,209,0.0066537200343828595,0.23669255993123428,410.0,High,0
36,36361,Employed,18,6,0,1,0,19781,237,0.006517972553010093,0.045334745102353254,656.4977585874976,Medium,1
34,24223,Unemployed,18,14,2,4,1,44865,335,0.013829831152210708,0.15434710812038147,509.0795937745118,High,0
36,10394,Self-Employed,23,10,3,1,0,13469,3838,0.369251491244949,0.10798697966775704,599.2106022705408,Medium,1
45,17056,Employed,6,1,3,1,0,50167,1576,0.0924015009380863,0.24510924796747968,579.2052650093808,Medium,1
43,31380,Unemployed,21,6,1,4,0,24928,499,0.01590184831102613,0.06619927767155301,584.1198215423838,Medium,1
54,29035,Employed,9,3,2,3,0,44599,1564,0.05386602376442225,0.12800355892313875,570.855863612881,Medium,1
43,33620,Employed,9,10,0,1,0,152847,790,0.023497917906008327,0.37885930993456274,654.4486912552052,Medium,1
40,22877,Self-Employed,26,1,1,2,0,71504,3540,0.15474056913056783,0.26046538736139646,570.8032084626481,Medium,1
26,33911,Self-Employed,19,15,3,1,1,75687,3122,0.0920645218365722,0.18599422016454836,552.7926041697384,Medium,0
29,35784,Self-Employed,8,6,1,5,1,162876,1135,0.03171808629555108,0.3793035993740219,443.43561368209254,High,0
18,6191,Employed,16,12,1,4,0,114122,3944,0.6370537877564206,1.5361277122705002,451.38588273299956,High,0
18,36160,Employed,26,4,4,0,0,168331,2348,0.06493362831858407,0.3879309550147493,598.932107300885,Medium,1
64,28000,Self-Employed,14,16,1,1,0,91284,4324,0.15442857142857142,0.27167857142857144,665.1678571428571,Medium,1
51,6631,Employed,1,11,1,3,0,90227,149,0.02247021565374755,1.133903885788971,564.269340974212,Medium,1
49,9172,Employed,29,18,2,2,0,102556,3206,0.34954208460532055,0.9317851431894171,582.1478412559965,Medium,1
42,26561,Employed,3,6,1,2,0,48560,3528,0.13282632431007868,0.1523537015423616,604.9196189902489,Medium,1
57,27817,Employed,18,5,0,0,1,32256,1624,0.05838156522989539,0.09663155624258547,562.1963187978574,Medium,0
62,23281,Unemployed,16,7,3,5,0,11125,2574,0.11056226107125983,0.03982145669573186,539.3432412697049,High,0
18,31671,Employed,4,12,2,0,0,9370,4428,0.13981244671781756,0.024654520960289646,671.7432351362445,Medium,1
33,28364,Unemployed,6,4,1,5,0,9838,4269,0.1505076857989,0.028904009777652423,540.204837117473,High,0
56,30425,Employed,17,1,0,1,0,119479,3284,0.10793755135579293,0.3272500684743906,602.4124897288414,Medium,1
22,31602,Self-Employed,20,8,3,4,0,62429,2108,0.0667046389469021,0.16462301964010717,562.1180621479654,Medium,1
39,26253,Employed,21,10,2,3,0,139206,3947,0.15034472250790387,0.44187330971698474,575.4462347160324,Medium,1
46,26472,Employed,26,5,0,2,0,48199,4914,0.1856300997280145,0.1517295003525738,603.6206180114838,Medium,1
20,11080,Employed,6,6,1,0,0,82092,2263,0.20424187725631768,0.6174187725631769,608.4458483754513,Medium,1
29,10099,Employed,16,6,4,3,0,129925,1612,0.1596197643331023,1.0720945968247682,496.5199524705417,High,0
43,28431,Employed,6,18,4,5,0,169894,3815,0.1341845169005663,0.49797169756017495,554.0195561183215,Medium,1
33,34186,Unemployed,3,5,2,4,0,25113,4719,0.13803896331831744,0.061216579886503246,554.7623296086117,Medium,1
54,33111,Self-Employed,7,10,0,2,0,199666,577,0.017426232973936154,0.5025167869690838,627.7578448249826,Medium,1
39,25614,Employed,12,10,3,2,0,101102,422,0.016475365034746624,0.32892819031258946,608.287264777075,Medium,1
46,29724,Employed,3,6,0,5,0,7669,2763,0.09295518772708922,0.02150058314269053,567.5553424841879,Medium,1
31,7940,Employed,5,1,4,4,0,185499,1229,0.15478589420654912,1.9468828715365238,399.6127204030227,High,0
45,31758,Employed,24,18,2,2,1,149010,3176,0.10000629762579508,0.391003841551735,544.5390137918005,High,0
22,39224,Self-Employed,4,3,1,4,0,141789,753,0.0191974301448093,0.30123776259433,554.6220426269631,Medium,1
64,10788,Unemployed,29,5,0,2,1,82818,4842,0.44883203559510565,0.6397385984427141,442.7558398220245,High,0
47,31082,Employed,11,16,4,1,0,183731,687,0.022102824786049805,0.49259753769598696,637.7918087639148,Medium,1
63,27034,Employed,3,4,3,5,0,84737,722,0.02670710956573204,0.26120502577001803,521.122845305911,High,0
22,38479,Employed,23,6,2,4,1,152361,746,0.019387198212011746,0.3299656955742093,457.87559448010603,High,0
29,14280,Self-Employed,28,8,1,3,0,29406,4337,0.3037114845938375,0.17160364145658263,573.2584033613446,Medium,1
33,21052,Employed,8,0,0,1,0,17873,2712,0.12882386471594148,0.07074941414909114,610.2961713851416,Medium,1
43,19531,Self-Employed,3,0,3,3,0,130812,707,0.03619886334545082,0.5581383441708054,522.1678357482975,High,0
43,25804,Self-Employed,18,18,1,5,1,87048,434,0.016819097814292357,0.28111920632460086,511.1145558828088,High,0
38,31903,Employed,23,5,4,2,0,28461,4876,0.15283829106980534,0.07434253831928032,572.1988527724666,Medium,1
56,13142,Self-Employed,13,17,4,3,0,156782,483,0.0367523968954497,0.9941536042205651,570.9404961193121,Medium,1
53,12866,Employed,4,9,3,1,0,18448,3518,0.2734338566765117,0.11948805637597804,605.01865381626,Medium,1
50,7531,Self-Employed,17,10,4,4,1,20198,1533,0.2035586243526756,0.2234984287168592,442.1630593546674,High,0
47,31138,Employed,9,0,2,0,0,78158,169,0.005427451987924722,0.2091710022052369,616.7984456291349,Medium,1
54,30065,Employed,24,0,3,3,0,186871,1020,0.03392649259936804,0.5179638560895837,524.8509895227008,High,0
40,32956,Unemployed,18,12,4,0,0,171033,4964,0.15062507585872073,0.43247815268843304,625.9763017356476,Medium,1
27,13759,Unemployed,11,4,0,5,0,179079,847,0.06155970637400974,1.0846173413765536,497.5357947525256,High,0
22,8439,Self-Employed,17,19,4,3,0,70470,695,0.08235572935181894,0.6958762886597938,593.3647351581941,Medium,1
53,31270,Employed,16,0,2,3,0,188328,3346,0.10700351774864086,0.5018867924528302,527.0463703229932,High,0
51,16279,Self-Employed,29,19,1,4,0,25739,4013,0.24651391363105843,0.1317597313512296,617.5127464831992,Medium,1
48,26888,Employed,23,2,1,2,0,89054,31,0.0011529306753942279,0.2760029257165526,593.3014727759595,Medium,1
27,20630,Unemployed,10,17,4,1,0,63186,176,0.008531265147842948,0.25523509452254,658.6621425109064,Medium,1
36,38144,Employed,2,8,1,1,0,31547,2964,0.07770553691275167,0.06892084381991051,646.5400849412752,Medium,1
49,34182,Unemployed,22,13,4,1,0,99472,2112,0.061786905388801126,0.24250580227410137,633.0352232168977,Medium,1
18,28538,Unemployed,16,16,2,5,0,90823,3886,0.13616931810217955,0.26521071320111195,577.7470390356718,Medium,1
22,14824,Self-Employed,0,13,1,2,0,111887,1502,0.10132218024824609,0.6289744108652635,615.1028737182946,Medium,1
62,35125,Employed,14,3,0,0,1,187503,2315,0.06590747330960854,0.444846975088968,530.4002846975089,High,0
21,9979,Employed,27,4,4,1,0,161548,2644,0.2649564084577613,1.349066372716037,497.2612486221064,High,0
33,29189,Unemployed,8,16,1,0,0,15686,65,0.0022268662852444414,0.04478285198762091,717.0458049265135,Low,1
41,15504,Employed,14,1,2,2,0,153608,4228,0.27270381836945307,0.8256363949088408,512.7373581011352,High,0
33,23669,Unemployed,27,4,2,5,0,39062,1928,0.08145675778444379,0.13752869435407777,531.973467404622,High,0
19,9910,Employed,23,3,0,2,1,53216,584,0.05893037336024218,0.4474941136898756,491.07870837537837,High,0
45,37964,Employed,27,3,2,4,1,161113,1748,0.04604362027183648,0.3536530221613458,438.2555842376989,High,0
49,23131,Unemployed,28,5,2,1,0,36653,2204,0.09528338593229865,0.13204862161889527,615.6430763909905,Medium,1
44,28227,Self-Employed,2,19,1,5,0,26673,3630,0.12860027633117227,0.0787455273319871,614.8432352003401,Medium,1
37,8978,Employed,21,12,4,4,0,146439,1892,0.21073735798618845,1.3592392515036757,483.1571619514369,High,0
41,24991,Employed,26,4,3,1,0,24629,2429,0.09719499019647072,0.08212623211022635,603.4090272498099,Medium,1
29,20153,Employed,18,6,2,2,0,125756,3093,0.15347590929390165,0.5200052928430837,570.3825733141467,Medium,1
52,36548,Self-Employed,12,19,2,2,0,116641,973,0.026622523804312136,0.26595390536645874,665.8480628214951,Medium,1
50,6983,Employed,11,0,3,3,0,30063,4024,0.576256623227839,0.3587641414864671,469.32335672347125,High,0
50,12503,Unemployed,19,13,2,3,0,24322,2642,0.21130928577141486,0.1621077608040737,599.9164200591857,Medium,1
60,32921,Unemployed,0,3,1,2,0,17693,1442,0.04380182862002977,0.044786509117787025,607.0565900185293,Medium,1
54,19905,Employed,20,16,1,2,0,145313,4329,0.21748304446119066,0.6083605459264841,617.400401909068,Medium,1
29,26953,Self-Employed,16,13,3,0,0,165850,1477,0.054799094720439284,0.5127753249483669,647.6575891366452,Medium,1
20,29806,Employed,12,15,2,0,0,107379,770,0.025833724753405354,0.30021639938267464,683.8869690666309,Low,1
18,25168,Employed,0,13,2,4,0,17651,305,0.012118563254926891,0.058443923500741686,610.0391369993642,Medium,1
50,7583,Unemployed,9,15,4,3,0,162038,1,0.00013187392852433074,1.7807156358521254,518.1412369774496,High,0
57,14889,Employed,14,19,2,3,0,14275,270,0.018134193028410236,0.07989679181498646,658.0300893276916,Medium,1
27,30413,Employed,26,7,1,2,0,50606,4516,0.14848913293657318,0.13866329091726126,608.8615065925756,Medium,1
60,15275,Employed,26,2,0,2,0,6658,3214,0.21040916530278234,0.036322967812329514,592.5715220949263,Medium,1
61,5461,Employed,29,18,0,4,1,77468,863,0.1580296648965391,1.1821400231947752,470.1080388207288,High,0
46,17291,Employed,6,0,0,5,0,150320,2739,0.15840610722341103,0.7244616659919418,487.5235671736742,High,0
30,14435,Self-Employed,27,1,0,5,0,160509,2914,0.20187045375822654,0.9266193280221683,475.1783858676827,High,0
29,30935,Self-Employed,21,14,2,5,0,175799,106,0.0034265395183449166,0.47357092829050157,571.1745595603685,Medium,1
48,36453,Self-Employed,17,9,2,3,1,154273,3168,0.08690642745453049,0.3526755914007992,483.4106932214084,High,0
63,21544,Employed,15,17,4,0,0,46150,4644,0.2155588562940958,0.1785106448817923,658.422298551801,Medium,1
19,15258,Employed,13,13,2,5,0,19999,2599,0.17033687246034868,0.10922685367239043,568.0059640844147,Medium,1
52,33841,Employed,26,16,0,1,0,11376,2235,0.06604414763157117,0.0280133565792973,700.3939008894536,Low,1
40,13736,Employed,27,12,3,4,0,56673,2799,0.2037711124053582,0.3438228013977868,554.9180984274898,Medium,1
34,37964,Employed,17,0,3,5,0,8476,1511,0.0398008639763987,0.018605345414954517,514.1075755979349,High,0
43,31044,Employed,26,4,1,1,0,74902,18,0.0005798221878623889,0.20106408108920673,627.8665764721042,Medium,1
25,18997,Employed,6,12,1,5,0,96269,858,0.0451650260567458,0.42229913495113264,569.2422487761226,Medium,1
46,17215,Employed,16,13,2,0,0,198950,1416,0.08225384838803369,0.9630651563558912,627.3456288120824,Medium,1
43,36069,Unemployed,28,2,3,0,0,103331,3032,0.08406110510410601,0.2387345550657536,605.5885940835622,Medium,1
27,26911,Unemployed,17,14,0,5,1,156687,4505,0.16740366392924827,0.4852012188324477,470.7994871985434,High,0
43,20030,Self-Employed,11,18,0,1,0,16164,1426,0.07119321018472291,0.0672491263105342,707.4218671992013,Low,1
51,32334,Unemployed,7,16,0,4,0,44316,2531,0.07827673656213274,0.11421413991464094,633.7539432176656,Medium,1
58,17571,Self-Employed,21,2,2,1,0,165631,4719,0.2685675260372204,0.7855320319465786,540.6399749587389,High,0
24,31927,Employed,29,15,2,4,1,67968,4751,0.1488082187490212,0.1774047044820998,496.4987314811915,High,0
21,23714,Employed,1,13,4,5,0,145119,4863,0.20506873576790083,0.5099624694273425,519.7940035422114,High,0
62,26387,Self-Employed,6,11,0,4,0,181057,4038,0.1530299010876568,0.571799876201665,572.3284192973813,Medium,1
28,31444,Self-Employed,3,11,0,2,0,142649,4113,0.13080396896069202,0.3780503964720349,626.6204999363948,Medium,1
46,22921,Self-Employed,17,10,2,3,0,139942,2231,0.09733432223724968,0.5087837936099355,577.7928537149339,Medium,1
53,16057,Self-Employed,27,16,2,3,0,39094,2452,0.15270598492869153,0.20289178136223038,619.5017749268231,Medium,1
42,27858,Employed,5,7,4,0,0,60329,2846,0.10216095914997488,0.1804658147270682,621.912736018379,Medium,1
38,29062,Self-Employed,26,16,4,2,0,145289,3202,0.11017823962562796,0.41660645057692747,611.782224210309,Medium,1
53,39850,Unemployed,8,19,1,3,1,88138,1816,0.045570890840652446,0.18431200334588038,558.4727728983688,Medium,0
27,23567,Employed,26,10,3,5,0,71141,1780,0.07552934187635253,0.2515558478663668,545.8431281028556,High,0
54,32739,Self-Employed,8,1,0,4,0,158415,4103,0.12532453648553712,0.4032270380891292,535.7674333363879,High,0
26,6754,Employed,13,9,0,4,1,133307,704,0.10423452768729642,1.6447907412891127,403.8044122001777,High,0
41,30044,Self-Employed,7,9,4,1,1,186894,1341,0.04463453601384636,0.518389695113833,498.5404739715085,High,0
52,4724,Self-Employed,18,10,4,1,0,149075,3462,0.7328535139712108,2.6297452723680497,394.27286198137165,High,0
52,4376,Employed,2,5,1,4,1,195610,3590,0.8203839122486288,3.725053321145643,300.0,High,0
53,11706,Self-Employed,17,3,3,5,0,168161,1159,0.09900905518537502,1.1971140156045332,451.292072441483,High,0
35,11894,Employed,4,11,1,4,0,189667,4626,0.3889355977803935,1.32887029875007,488.5955103413486,High,0
56,21037,Self-Employed,13,10,3,1,1,88197,3722,0.17692636782811239,0.34937253410657415,507.806483814232,High,0
49,21450,Employed,27,12,0,3,0,87318,3438,0.1602797202797203,0.3392307692307692,610.4125874125874,Medium,1
41,19406,Self-Employed,29,4,1,0,0,166101,3560,0.18344841801504688,0.7132716685561167,595.1898897248274,Medium,1
40,32725,Employed,3,5,4,1,0,84023,3082,0.09417876241405654,0.2139623121976063,590.8608097784569,Medium,1
49,8926,Self-Employed,6,0,1,5,0,187396,1715,0.19213533497647323,1.749533198894615,411.97176786914633,High,0
54,12496,Employed,19,5,1,3,0,56962,2243,0.17949743918053776,0.3798682244985062,560.6682138284251,Medium,1
29,39068,Unemployed,24,17,0,3,0,118037,1760,0.045049657008293234,0.2517768164909047,654.4874321695506,Medium,1
30,32806,Unemployed,27,8,4,3,1,175114,4007,0.12214229104432116,0.4448220853908838,448.65359995122844,High,0
40,25663,Unemployed,11,14,4,2,0,92601,1796,0.06998402369169622,0.3006955539102989,613.5601839223785,Medium,1
42,39495,Self-Employed,1,7,2,2,0,89859,2675,0.06773009241676162,0.18959994936067856,605.4963919483479,Medium,1
52,25656,Self-Employed,10,18,2,3,1,95933,3236,0.1261303398815092,0.31160027543914354,526.1683426878703,High,0
58,28860,Employed,13,15,2,5,0,50957,43,0.00148995148995149,0.14713848463848464,595.9928967428967,Medium,1
47,19832,Employed,21,5,0,4,0,87864,488,0.024606696248487294,0.3692012908430819,569.8951189995967,Medium,1
34,24727,Employed,22,5,1,5,0,131358,4276,0.1729283778865208,0.44269422089214217,517.6869414000889,High,0
37,32545,Self-Employed,15,2,4,2,0,48739,3148,0.09672760792748503,0.12479899626158653,560.9047472730066,Medium,1
42,5520,Unemployed,19,9,4,1,0,43733,4723,0.8556159420289855,0.6602204106280193,492.7128623188406,High,0
39,6081,Employed,28,0,1,2,0,50389,956,0.15721098503535602,0.6905251329276983,539.7031738200953,High,0
30,37196,Unemployed,5,13,4,4,0,165787,2114,0.05683406817937413,0.37142658708821735,565.8943165931821,Medium,1
36,39735,Self-Employed,22,3,1,0,0,175188,1115,0.028060903485592047,0.36740908518937965,629.5881464703662,Medium,1
53,17566,Self-Employed,3,11,0,2,0,61922,1781,0.1013890470226574,0.2937587764241527,635.2077877718319,Medium,1
29,17042,Employed,14,5,0,5,0,192323,2826,0.16582560732308416,0.940436372882682,498.674744748269,High,0
58,28498,Employed,23,10,0,5,0,197866,650,0.02280861814864201,0.5785961587947692,562.5471962944769,Medium,1
36,14329,Employed,24,11,1,3,0,22580,1876,0.13092330239374694,0.13131877079116944,611.4100774652802,Medium,1
29,34656,Self-Employed,0,9,1,3,0,120900,340,0.009810710987996307,0.2907144506001847,606.3798476454293,Medium,1
26,5159,Employed,6,17,3,3,1,136895,2950,0.5718162434580345,2.2112651030561477,343.706144601667,High,0
24,22363,Employed,24,6,4,0,0,12084,3375,0.15091892858739883,0.045029736618521665,619.1879443724008,Medium,1
45,22033,Unemployed,11,6,4,4,1,82991,2445,0.11096990877320383,0.3138890149624049,427.85027004947125,High,0
31,13805,Self-Employed,9,10,3,1,0,146679,2750,0.199203187250996,0.885421948569359,572.9703006157189,Medium,1
48,38851,Unemployed,4,3,3,5,1,87455,2144,0.05518519471828267,0.187586334114094,417.12259658696047,High,0
36,29832,Employed,11,19,0,5,0,117540,1354,0.04538750335210512,0.32833869670152854,619.8531777956557,Medium,1
64,16944,Employed,17,0,3,4,0,119540,3276,0.193342776203966,0.5879170601196096,481.52384324834753,High,0
33,22873,Self-Employed,9,12,1,0,0,148041,448,0.019586411926725833,0.5393586324487387,665.2881126218685,Medium,1
22,26928,Employed,5,17,2,3,0,199131,4172,0.15493166963755198,0.6162451723113488,599.4334893048128,Medium,1
52,18379,Employed,27,8,1,4,0,22333,4991,0.2715599325316938,0.10126140341331592,561.3371238913978,Medium,1
29,39751,Employed,11,8,3,1,0,132182,4644,0.11682724962894016,0.2771041399377793,609.3544816482604,Medium,1
42,37546,Employed,6,8,4,3,0,41668,797,0.0212272945187237,0.09248211083293383,581.9037980077771,Medium,1
38,27286,Employed,17,9,1,1,0,16945,3496,0.12812431283442058,0.05175120330328129,646.5200102616726,Medium,1
53,8110,Employed,1,1,4,2,0,107528,4910,0.6054254007398274,1.1048910809699959,436.05548705302095,High,0
40,15087,Employed,9,5,1,1,0,51526,2182,0.14462782528004242,0.2846048474404012,610.5683701199708,Medium,1
33,26762,Employed,14,14,4,3,0,52717,3326,0.12428069650997683,0.16415377525346886,595.2370899035947,Medium,1
56,20081,Self-Employed,29,2,1,2,0,195498,645,0.032119914346895075,0.8112892784223893,557.4682535730292,Medium,1
62,37947,Employed,11,10,4,3,0,95480,719,0.018947479379134054,0.20967841111726004,585.1455978074683,Medium,1
59,12596,Self-Employed,25,5,2,5,0,140673,1522,0.12083201016195617,0.930672435693871,484.659812638933,High,0
56,21313,Employed,16,2,0,3,0,17930,1069,0.05015718106320086,0.07010588216894227,589.7747853422794,Medium,1
31,4013,Employed,3,10,1,2,0,9333,4743,1.1819087964116621,0.19380762521804137,496.5424869175181,High,0
48,26705,Self-Employed,6,14,2,1,0,125384,4887,0.18299943830743307,0.3912625600698995,634.5643137989141,Medium,1
22,4828,Employed,29,12,0,5,0,22839,4674,0.968102734051367,0.39421085335542666,470.17502071251033,High,0
52,10909,Employed,8,19,1,0,0,56337,3075,0.28187734897790817,0.43035566963058025,675.3533779448162,Medium,1
40,16109,Employed,18,9,2,0,1,176276,3807,0.23632751877832267,0.9118919030769549,491.927183561984,High,0
46,5023,Unemployed,27,5,2,0,0,25195,3361,0.6691220386223372,0.41799389475081294,549.6257216802708,High,0
60,17537,Employed,26,14,2,0,0,163920,2156,0.12294006956720077,0.7789245595027656,638.51171808177,Medium,1
28,29661,Employed,22,17,3,4,0,94229,4555,0.15356865918209095,0.2647387703269164,590.6874346785341,Medium,1
35,36848,Self-Employed,6,17,4,0,0,118251,2313,0.0627713851498046,0.26742971124620063,671.4216511072515,Medium,1
64,18379,Employed,22,6,0,2,0,117265,3505,0.19070678491756896,0.5316983151060086,585.2132869035312,Medium,1
29,30766,Employed,1,14,4,0,0,176926,4139,0.13453162582071118,0.47922490194803785,635.1027107846323,Medium,1
26,5563,Employed,5,17,4,3,1,106986,632,0.1136077655941039,1.6026424591047996,425.2085205824195,High,0
27,39060,Self-Employed,17,17,4,0,1,55998,2199,0.05629800307219662,0.11947004608294931,581.0760368663595,Medium,0
61,32197,Employed,5,19,2,1,0,36558,3063,0.09513308693356524,0.09462061682765475,687.9067925583129,Low,1
34,6586,Employed,12,8,4,2,0,7985,2910,0.4418463407227452,0.10103502378783277,550.9163376860006,Medium,1
55,19087,Employed,25,1,3,2,0,66794,622,0.03258762508513648,0.29162082394649064,563.5922355529942,Medium,1
24,26225,Self-Employed,18,7,1,5,0,48585,360,0.013727359389895138,0.1543851286939943,564.0896091515729,Medium,1
63,32750,Employed,29,19,2,4,1,45264,2367,0.07227480916030535,0.11517557251908397,529.4164885496183,High,0
30,9643,Unemployed,1,1,0,3,0,169398,209,0.02167375298143731,1.4639116457533963,504.5644508970237,High,0
57,30523,Employed,11,10,1,2,0,89816,3467,0.11358647577236838,0.24521399163472354,621.6567834092324,Medium,1
59,39727,Unemployed,14,6,1,1,0,195333,930,0.023409771691796512,0.4097402270496136,622.6064137740076,Medium,1
26,14005,Unemployed,13,5,1,0,0,39022,4584,0.32731167440199926,0.23219088420802095,611.7911460192788,Medium,1
44,3161,Employed,5,9,4,2,1,151739,3943,1.2473900664346727,4.00028999261837,300.0,High,0
19,19029,Employed,17,4,4,1,0,23065,4696,0.24678122865100635,0.10100811042794332,574.3257659362026,Medium,1
22,17226,Employed,4,10,2,0,0,119382,4869,0.2826541274817137,0.5775281551143621,611.4298153953326,Medium,1
46,31731,Employed,17,0,4,4,0,133145,877,0.02763858687088336,0.34967119431050603,505.7030979168636,High,0
54,6390,Self-Employed,2,1,4,2,0,92191,4795,0.7503912363067292,1.202282211789254,412.81611893583727,High,0
55,8997,Employed,2,0,4,2,0,146078,2499,0.27775925308436145,1.3530250824348857,455.4873846837835,High,0
36,15693,Employed,21,18,2,1,0,76819,2523,0.16077231886828522,0.40792603921068843,656.2317593831644,Medium,1
25,3541,Employed,21,1,2,5,0,112158,4351,1.228748940977125,2.6395086133860493,300.0,High,0
62,24817,Unemployed,9,19,3,3,1,181148,391,0.015755329008341055,0.6082792709298733,516.6126042632067,High,0
18,16428,Employed,18,3,3,4,0,186465,3902,0.23752130508887265,0.9458698563428293,469.7452520087656,High,0
39,13258,Employed,2,11,3,3,0,8143,2321,0.1750641122341228,0.05118293357469704,590.9213305174234,Medium,1
34,19044,Employed,28,19,3,2,0,62505,4940,0.2593992858643142,0.27351134215500944,627.4614051669818,Medium,1
24,32411,Unemployed,11,17,1,3,0,148489,3981,0.1228286692789485,0.3817865333785855,627.3533676838111,Medium,1
42,8469,Self-Employed,28,0,1,0,0,167372,138,0.016294721927027984,1.6469083323493525,539.2301334277955,High,0
62,31854,Employed,15,0,3,4,1,33896,102,0.0032021096251648143,0.0886754149138779,434.29522195014755,High,0
21,9256,Employed,16,13,3,3,0,55629,483,0.052182368193604146,0.5008372947277442,588.6878781331028,Medium,1
53,13720,Employed,6,3,0,0,0,163678,4319,0.31479591836734694,0.9941569484936832,567.5750728862973,Medium,1
23,36937,Employed,12,4,1,1,0,44916,4073,0.11026883612637735,0.10133470503830846,620.6876573625362,Medium,1
48,36598,Unemployed,23,10,0,3,0,66330,1848,0.050494562544401336,0.15103284332477185,624.8786818951855,Medium,1
36,4651,Self-Employed,1,12,0,4,1,12551,1884,0.4050741775962159,0.22487995413172795,467.8983014405504,High,0
61,22194,Employed,3,15,4,0,0,105972,3205,0.1444083986663062,0.39790033342344777,643.7969721546364,Medium,1
56,28051,Unemployed,9,12,2,3,1,124623,2161,0.07703825175573063,0.3702274428719119,498.54176321699765,High,0
44,30386,Employed,6,1,1,1,1,192494,1464,0.048180082932929635,0.5279130740033787,487.5436056078458,High,0
27,12518,Self-Employed,23,15,3,3,0,118216,643,0.05136603291260585,0.7869734249347606,581.6176705544017,Medium,1
43,19184,Unemployed,16,5,3,0,0,72782,3436,0.17910758965804838,0.31615756185710314,604.537635529608,Medium,1
36,36787,Employed,19,13,2,3,1,70391,4553,0.12376654796531383,0.15945623906996131,510.5806398999647,High,0
56,24621,Self-Employed,5,0,1,4,0,109957,610,0.024775598066691037,0.3721653601938724,534.6970066203647,High,0
20,13028,Employed,18,16,3,2,0,128546,4302,0.3302118513969911,0.822241838092314,571.0400675468222,Medium,1
62,15448,Employed,4,10,3,0,0,130006,1543,0.09988348006214397,0.7013097704125669,615.9353961677888,Medium,1
30,37051,Employed,9,18,4,0,0,68411,3539,0.09551699009473429,0.1538667422381762,679.3059566543413,Medium,1
45,33447,Employed,8,2,0,0,0,78185,1466,0.04383053786587736,0.19479823800839138,643.0524411755913,Medium,1
37,21394,Self-Employed,26,10,3,0,0,136960,916,0.042815742731606994,0.5334829079804306,632.8531363933813,Medium,1
45,37501,Unemployed,12,4,1,3,0,132574,1181,0.03149249353350577,0.2946010328613459,578.5448388042986,Medium,1
25,33254,Self-Employed,18,16,2,4,1,193207,2146,0.06453358994406688,0.4841698241815521,493.2057797558188,High,0
58,21509,Unemployed,20,6,4,1,0,34424,2272,0.10563020131107909,0.13337052706618935,599.3221442186991,Medium,1
56,17472,Self-Employed,23,9,1,4,0,46559,851,0.04870650183150183,0.22206482753357754,585.8313301282052,Medium,1
18,6471,Employed,5,10,4,0,0,16075,4536,0.7009735744089013,0.2070133415752331,563.4623705764179,Medium,1
20,33268,Employed,3,2,0,5,0,158771,719,0.021612360226043046,0.39770700573123324,533.5440964290009,High,0
30,11329,Employed,23,19,3,3,0,184044,4680,0.41309912613646393,1.353782328537382,524.2011651513814,High,0
45,37865,Self-Employed,26,9,1,5,0,14950,2014,0.05318896078172455,0.03290197631938026,576.6432061270302,Medium,1
42,31272,Unemployed,2,9,2,3,0,141485,3472,0.11102583781018163,0.37702790568772915,579.0552251215145,Medium,1
50,9397,Employed,2,13,0,0,0,44305,3642,0.3875705012237948,0.39290021638111455,644.9175268702778,Medium,1
55,35373,Self-Employed,3,11,0,3,0,8569,3870,0.10940547875498262,0.020187242623846812,630.6601079919714,Medium,1
23,38525,Self-Employed,24,14,4,0,1,71778,63,0.00163530175210902,0.15526281635301753,570.4879948085659,Medium,0
61,27570,Employed,4,9,0,4,0,107633,4863,0.1763873775843308,0.3253324870027808,574.3135654697135,Medium,1
62,21284,Employed,7,9,1,2,1,35085,559,0.02626386017665852,0.13736844578086826,533.6062300319489,High,0
49,21994,Employed,15,18,4,3,1,101307,1733,0.07879421660452851,0.38384332090570156,507.5140947531145,High,0
62,26284,Employed,21,0,0,0,0,97174,669,0.02545274691827728,0.3080898391924111,628.4602800182621,Medium,1
64,20833,Employed,2,9,2,5,0,41163,3894,0.18691499063985023,0.16465463447415157,542.6909230547689,High,0
38,28122,Employed,23,1,1,0,0,54592,1542,0.05483251546831662,0.16177132968257354,628.7138183628475,Medium,1
33,8017,Employed,11,16,2,5,1,193405,1271,0.15853810652363728,2.010363394453453,370.35362354995635,High,0
38,19370,Employed,24,6,2,3,0,122431,2415,0.12467733608673207,0.5267208742040956,553.4354672173464,Medium,1
28,32252,Unemployed,7,6,4,1,0,13039,2791,0.08653726900657324,0.0336904171317541,607.5941026913059,Medium,1
54,10999,Employed,12,19,3,5,0,144270,4713,0.4284934994090372,1.093053913992181,497.9975452313847,High,0
53,25436,Self-Employed,3,8,4,0,0,170426,3054,0.1200660481207737,0.5583490590763747,602.0911306809247,Medium,1
52,5096,Employed,13,1,1,3,0,8824,2458,0.48233908948194665,0.14429618001046574,518.4615384615385,High,0
36,28279,Employed,13,13,1,0,0,55420,3065,0.10838431344814173,0.16331317703360562,682.1950917642067,Low,1
37,29201,Unemployed,12,16,4,1,0,94535,1163,0.03982740317112428,0.26978242754243575,649.033765966919,Medium,1
35,22715,Employed,26,0,3,2,0,8436,4559,0.2007043803653973,0.030948712304644507,554.0585516178737,Medium,1
64,32309,Employed,5,8,4,1,0,98550,2749,0.08508465133554118,0.2541861400848061,604.5386734346466,Medium,1
58,18078,Self-Employed,16,19,1,4,0,176929,1948,0.1077552826640115,0.8155815540067116,593.1344728399159,Medium,1
31,8105,Employed,3,18,3,3,0,21057,59,0.007279457125231339,0.21650215916101173,636.1363355953116,Medium,1
32,32312,Employed,7,3,1,1,0,6310,3102,0.09600148551621689,0.01627362383428241,622.503404307997,Medium,1
48,5839,Employed,16,7,3,2,0,131913,332,0.05685905120739853,1.8826425757835246,495.2183593081007,High,0
18,6384,Employed,2,12,3,0,1,71013,4171,0.6533521303258145,0.9269658521303258,445.9797932330827,High,0
20,16493,Employed,16,3,4,3,0,65022,189,0.011459407021160493,0.32853331716485784,543.9128721275692,High,0
33,20069,Employed,8,8,4,5,0,144978,3560,0.17738801136080523,0.601998106532463,492.5935522447556,High,0
40,10531,Unemployed,1,8,4,1,0,145940,295,0.028012534422182128,1.1548444275630678,557.347830215554,Medium,1
28,10736,Self-Employed,24,17,3,2,0,23546,2548,0.23733233979135618,0.18276515151515152,625.5542101341281,Medium,1
29,10710,Self-Employed,12,11,3,1,0,103812,176,0.016433239962651728,0.807749766573296,604.563025210084,Medium,1
27,4619,Self-Employed,19,9,1,4,0,77855,799,0.17298116475427583,1.404614996030887,499.9653604676337,High,0
49,16975,Unemployed,1,10,2,3,0,38149,805,0.04742268041237113,0.1872803141875307,603.0724594992636,Medium,1
33,26252,Employed,19,6,4,0,0,118591,1742,0.0663568490019808,0.37645068312255575,609.4501371324089,Medium,1
25,18261,Unemployed,27,8,1,2,0,159756,214,0.011718963912162532,0.7290400306664476,594.8513224905536,Medium,1
55,4431,Self-Employed,10,5,1,1,0,34858,1879,0.42405777476867523,0.6555706010682314,554.7788309636651,Medium,1
29,12067,Self-Employed,26,18,0,3,0,50330,2700,0.22375072511809066,0.3475732714565896,632.2955166984337,Medium,1
41,30037,Employed,25,15,4,1,0,195276,596,0.01984219462662716,0.5417651563072211,630.1130272663715,Medium,1
45,12557,Employed,21,14,1,3,0,97203,1717,0.1367364816437047,0.6450784423030979,594.8869156645695,Medium,1
25,12435,Employed,14,6,0,4,1,30293,1355,0.10896662645757942,0.20300898002948667,474.7434660233213,High,0
45,3162,Self-Employed,10,15,4,1,0,61869,4223,1.3355471220746362,1.6305344718532575,406.9022770398482,High,0
53,37742,Employed,22,4,3,4,0,95429,1292,0.03423242011552117,0.21070469680108808,543.2498277780722,High,0
43,22675,Self-Employed,2,15,0,5,0,140701,2598,0.1145755237045204,0.5170929805218669,580.2253583241455,Medium,1
25,11461,Employed,2,0,3,5,0,10704,3437,0.2998865718523689,0.07782915975918332,479.3438617921647,High,0
45,20015,Employed,27,18,2,2,0,137848,4714,0.23552335748188857,0.5739362145057874,617.3010242318261,Medium,1
45,35591,Employed,25,4,2,4,0,193327,141,0.003961675704532044,0.4526589118972025,542.365064201624,High,0
54,31047,Employed,11,6,2,3,0,53281,3216,0.10358488742873707,0.14301167047809235,578.989113279866,Medium,1
58,37782,Employed,23,18,2,2,0,121972,2839,0.07514160182097294,0.26902581476187953,654.8414588957705,Medium,1
53,12833,Employed,4,4,1,1,0,118532,4340,0.3381906023533079,0.7697083041117951,553.2346294708954,Medium,1
44,10896,Unemployed,19,16,2,1,0,167308,3513,0.3224118942731278,1.2795827214880078,574.5356093979442,Medium,1
34,35972,Employed,6,7,1,3,0,71780,2750,0.07644834871566775,0.16628674153971607,595.8489936617369,Medium,1
26,33508,Employed,6,0,1,0,0,137405,1714,0.05115196371015877,0.3417218773626199,613.3584517130237,Medium,1
50,8347,Self-Employed,12,1,4,0,0,187018,1135,0.1359769977237331,1.8671179266003755,486.65568467712944,High,0
37,33314,Unemployed,8,14,1,1,1,60333,3721,0.111694782974125,0.15092003361949932,567.541424025935,Medium,0
30,5643,Self-Employed,24,19,1,3,0,163349,1909,0.33829523303207515,2.4122659341957586,489.66861598440545,High,0
45,21681,Employed,20,17,2,0,0,186678,2247,0.10363913103639132,0.7175176421751764,659.5122457451225,Medium,1
46,18892,Unemployed,12,10,1,4,0,138005,4516,0.2390429811560449,0.6087453242995271,544.790122803303,High,0
30,20073,Self-Employed,11,9,3,1,0,169586,4102,0.20435410750759728,0.7040385924708149,578.2351915508394,Medium,1
63,39768,Employed,12,3,2,5,0,94893,1548,0.03892576946288473,0.19884706296519816,528.3980838865419,High,0
52,33682,Employed,23,4,0,4,1,67958,2639,0.07835045424856006,0.1681362943609841,470.50976782851376,High,0
23,35262,Employed,9,3,2,3,0,142899,4766,0.1351596619590494,0.33770773070160515,548.5183767228178,High,0
35,34358,Employed,0,12,1,5,0,35844,4511,0.13129402177076663,0.0869375400197916,579.0284649863205,Medium,1
22,17289,Self-Employed,24,12,3,4,0,119501,2831,0.16374573428191336,0.5759972622283919,545.7906761524669,High,0
64,10927,Employed,7,17,2,0,0,96200,1006,0.09206552576187425,0.733656691376102,659.932735426009,Medium,1
42,4171,Unemployed,21,1,3,0,0,5792,3221,0.7722368736514026,0.11571965156237513,525.3883960680892,High,0
19,14918,Employed,15,15,0,5,0,175767,3062,0.20525539616570587,0.981850784287438,541.4583054028691,High,0
27,14929,Employed,12,0,0,2,0,88187,4523,0.30296737892692077,0.4922577980217474,544.1084466474647,High,0
47,5539,Employed,2,18,4,1,0,47510,3052,0.5510019859180357,0.7147800445327075,570.9929590178733,Medium,1
62,39727,Employed,2,8,4,5,0,175209,4429,0.11148589120749113,0.3675271226118257,514.5700656983915,High,0
22,25669,Self-Employed,23,2,2,3,1,118104,2319,0.09034243640188554,0.38341968911917096,446.1537262846235,High,0
50,8432,Self-Employed,4,6,4,1,0,44632,3539,0.4197106261859583,0.44109740670461733,543.1688804554079,High,0
18,23644,Employed,25,9,3,4,0,172862,2366,0.10006767044493317,0.6092525235436757,536.4367281339876,High,0
35,21745,Employed,10,0,4,3,0,88568,526,0.02418946884341228,0.3394190235303135,526.7321223269716,High,0
49,31228,Employed,29,9,3,3,0,166957,2807,0.08988728064557448,0.445532321420947,567.4815870372743,Medium,1
64,37521,Self-Employed,6,8,4,0,1,70214,1195,0.031848831321126835,0.1559437825928591,536.8215132858933,High,0
28,34703,Employed,20,14,4,4,1,49870,1753,0.05051436475232689,0.11975429597825356,486.75301847102554,High,0
38,29928,Employed,23,14,4,0,0,53110,1672,0.05586741512964448,0.14788269624877484,664.4229484095162,Medium,1
43,21322,Self-Employed,9,2,1,0,0,114414,2028,0.09511302879654816,0.44716724509895883,611.7564018384767,Medium,1
42,25360,Unemployed,9,4,1,2,0,141243,1654,0.06522082018927444,0.46412657728706624,584.3259069400631,Medium,1
39,32055,Employed,19,8,4,0,0,145661,4549,0.1419123381687724,0.3786746737378464,610.2500389954765,Medium,1
44,19376,Employed,1,8,3,1,0,23077,4841,0.24984516928158546,0.09925079135700524,604.0635322047893,Medium,1
30,9588,Self-Employed,2,6,2,3,0,69874,4041,0.4214643304130163,0.6073042692254207,512.9860241969128,High,0
50,28000,Self-Employed,7,11,0,0,0,174299,847,0.03025,0.5187470238095238,670.2451785714286,Medium,1
51,9304,Employed,10,8,1,5,1,151009,867,0.09318572656921754,1.3525455001433075,387.6649828030955,High,0
58,10345,Unemployed,12,5,4,1,0,14754,773,0.07472208796520058,0.11884968583856936,598.9023682938617,Medium,1
52,32300,Self-Employed,6,1,0,4,0,30688,542,0.016780185758513932,0.07917440660474716,568.2359133126935,Medium,1
18,27259,Employed,12,8,1,3,1,12048,4417,0.16203822590703987,0.03683187204226127,498.34550056861957,High,0
38,28470,Employed,1,16,2,5,0,27568,785,0.0275728837372673,0.08069312726846974,601.8496663154197,Medium,1
23,26017,Employed,5,0,3,5,0,102583,3305,0.12703232501825729,0.32857682797145454,485.0415113195219,High,0
45,18352,Self-Employed,8,18,4,4,0,153617,4635,0.2525610287707062,0.6975488593432142,547.8397449869224,High,0
34,36365,Employed,19,5,2,5,0,99449,2883,0.07927952701773683,0.22789541225537377,531.8127320225491,High,0
22,22446,Self-Employed,24,4,1,1,1,50217,448,0.01995901274169117,0.18643633609551813,526.418738305266,High,0
48,5336,Self-Employed,1,1,4,4,0,184194,3310,0.6203148425787106,2.876592953523238,300.0,High,0
22,12879,Employed,17,8,0,5,0,169818,4585,0.3560059010792763,1.0988042549887413,481.3510365711624,High,0
55,35316,Self-Employed,15,13,3,4,0,144781,1905,0.05394155623513422,0.3416322158039793,578.0290803035451,Medium,1
20,36340,Unemployed,24,3,1,4,1,132873,4559,0.12545404512933406,0.30469867914144194,441.66359383599337,High,0
40,10521,Employed,11,3,3,0,1,30358,4409,0.41906662864746697,0.2404555967430219,470.2846687577226,High,0
54,9171,Employed,6,14,4,0,0,119064,3251,0.3544869697960964,1.0818885617707992,572.5482499182206,Medium,1
54,26481,Employed,6,7,2,0,0,16023,384,0.014500962954571203,0.05042294475284166,660.234507760281,Medium,1
27,21474,Unemployed,16,3,3,5,0,100387,294,0.013690975132718636,0.38956800471888486,509.98300270094063,High,0
27,24008,Unemployed,12,15,0,3,0,164828,1238,0.05156614461846051,0.5721287348661557,624.4843385538154,Medium,1
36,4633,Employed,10,3,1,1,0,199247,4857,1.0483488020720915,3.583836966688251,300.0,High,0
34,15485,Self-Employed,5,15,0,5,0,190353,2816,0.18185340652244109,1.0243945753955441,541.7139166935744,High,0
38,6648,Employed,28,11,3,0,0,185361,1098,0.1651624548736462,2.323518351383875,515.76940433213,High,0
31,16140,Employed,22,15,2,4,0,194169,1737,0.10762081784386617,1.0025247831474597,551.9340148698884,Medium,1
26,20921,Employed,26,18,2,5,0,91728,2189,0.10463170976530758,0.3653745040868027,585.5217245829549,Medium,1
63,17357,Employed,13,7,0,4,1,183331,2765,0.15930172264792303,0.8801972307042307,433.0719594399954,High,0
18,6137,Employed,5,5,4,4,0,154911,1222,0.19912009124979632,2.1035114876975722,404.89489978817016,High,0
62,3097,Employed,5,9,4,4,0,32410,3242,1.0468195027445915,0.8720805080185126,397.05682918953823,High,0
30,14407,Employed,1,4,2,2,1,110696,3899,0.27063233150551813,0.640290599477106,439.10668425071145,High,0
21,33575,Unemployed,21,17,0,3,0,16447,4323,0.12875651526433357,0.040821543807396374,657.0999255398361,Medium,1
18,15722,Employed,19,9,0,1,0,122954,410,0.026078107111054575,0.6517088580757325,632.7680956621294,Medium,1
57,15924,Employed,24,9,0,1,0,91569,2999,0.1883320773674956,0.4791980658126099,623.6482667671439,Medium,1
49,6750,Employed,14,6,3,0,0,100894,2945,0.4362962962962963,1.245604938271605,522.908148148148,High,0
51,30733,Self-Employed,27,17,4,2,0,18907,4786,0.15572837015585853,0.05126682501979414,633.2365860801093,Medium,1
45,11535,Employed,16,0,4,5,0,26637,877,0.07602947550931946,0.1924360641525791,489.3302990897269,High,0
48,27487,Employed,28,6,3,5,0,174268,786,0.02859533597700731,0.5283346066625435,514.8684832830065,High,0
25,33651,Unemployed,7,0,1,1,0,158441,2109,0.06267272889364357,0.3923632779610314,588.937475855101,Medium,1
56,7666,Employed,4,14,3,3,0,138661,1986,0.2590660057396295,1.5073158535524829,508.4731280980955,High,0
43,19994,Employed,16,3,0,4,0,28560,878,0.043913173952185657,0.11903571071321396,572.5882764829449,Medium,1
51,4727,Self-Employed,19,19,3,0,0,8034,1607,0.3399619208800508,0.14163317114448912,665.7065792257246,Medium,1
20,37622,Employed,0,9,0,3,0,136241,2403,0.06387220243474563,0.301775999858239,609.2287757163361,Medium,1
29,13800,Employed,21,8,2,1,0,97449,70,0.005072463768115942,0.5884601449275362,614.0836956521739,Medium,1
18,21708,Employed,17,1,0,2,0,8239,2310,0.10641238253178552,0.031628124808058475,600.3328266077023,Medium,1
61,15819,Employed,14,13,4,0,0,8415,4401,0.27820974777166696,0.04432960364119097,638.9550540489284,Medium,1
22,12369,Employed,4,15,3,1,0,81944,3295,0.2663917859164039,0.5520791225375267,609.90823833778,Medium,1
47,12283,Employed,6,0,0,5,0,139556,761,0.06195554831881462,0.9468099541371543,485.7567369535129,High,0
47,33573,Employed,17,1,1,0,1,58987,4683,0.1394870878384416,0.14641477774799194,519.4766627945074,High,0
34,16171,Employed,5,6,2,1,0,23225,2121,0.13116071980706204,0.11968441448683859,617.0796487539423,Medium,1
64,33933,Self-Employed,21,9,1,5,0,85459,3582,0.10556095835911944,0.20987190443913986,559.7403707305573,Medium,1
40,8774,Employed,20,19,1,5,0,197176,4197,0.47834511055390927,1.8727300357115721,465.2347845908365,High,0
32,9519,Employed,4,0,1,4,0,25936,1629,0.17113142136779075,0.22705466260461532,525.8409496795882,High,0
54,13983,Unemployed,29,12,2,2,0,44612,4288,0.30665808481727813,0.26587046175117407,597.2488021168562,Medium,1
38,33932,Self-Employed,18,0,2,4,0,100533,1085,0.03197571613815867,0.24689820818106803,531.3490215725569,High,0
31,33798,Employed,9,4,2,1,0,125877,2457,0.07269660926682052,0.31036599798804665,602.6544470086988,Medium,1
19,21133,Unemployed,14,15,2,3,0,107269,4395,0.20796857994605594,0.42299168756604993,594.6642691525103,Medium,1
28,17939,Employed,9,14,1,4,1,44952,3266,0.1820614304030325,0.2088187747366074,495.62350186743964,High,0
56,3781,Employed,26,16,4,3,0,63945,453,0.11980957418672308,1.4093493784713038,531.061888389315,High,0
55,30624,Self-Employed,15,15,4,5,1,10380,2621,0.08558646812957157,0.02824582027168234,473.0348746081505,High,0
51,9823,Employed,11,12,2,1,0,186370,618,0.06291357019240558,1.5810682412026198,567.5862771047542,Medium,1
55,21489,Employed,17,10,3,2,0,85821,636,0.02959653776350691,0.33280980967006374,606.4798268881754,Medium,1
51,32118,Employed,22,16,0,3,0,163332,2348,0.07310542374992217,0.4237810573510181,635.8004857089483,Medium,1
35,37881,Employed,0,16,3,1,0,168951,4874,0.1286660859005834,0.3716704944431245,642.2598400253426,Medium,1
47,19280,Employed,15,1,3,3,1,152215,3036,0.1574688796680498,0.6579140733056709,406.6288900414937,High,0
32,25263,Unemployed,21,12,3,4,0,54744,2249,0.08902347306337331,0.18058029529351224,578.4823655147845,Medium,1
44,16565,Employed,5,13,4,1,0,167650,2721,0.16426199818895262,0.8433947077170741,584.6848777543012,Medium,1
51,23354,Unemployed,2,10,0,4,0,85262,2349,0.10058234135480003,0.304237675201964,589.6758585253061,Medium,1
55,28643,Employed,1,9,3,0,0,62331,4432,0.15473239534964914,0.1813444820724086,635.5514436336977,Medium,1
50,26648,Self-Employed,27,2,2,1,0,97551,1994,0.07482737916541579,0.3050604172921045,592.7170894626239,Medium,1
41,21658,Self-Employed,1,16,4,3,1,68815,2820,0.13020592852525625,0.2647789885184843,498.48854926586023,High,0
32,24253,Self-Employed,29,14,2,0,0,76519,1071,0.04415948542448357,0.26291936392748666,678.9256999134127,Medium,1
47,29390,Employed,12,8,2,4,0,155250,2031,0.06910513780197346,0.44020074855392993,555.2953385505274,Medium,1
59,26128,Employed,8,9,3,4,0,97526,1249,0.04780312308634415,0.3110520004082466,560.6005052051439,Medium,1
34,16489,Employed,15,7,2,3,0,196269,1295,0.07853720662259689,0.9919188549942386,536.0604039056341,High,0
22,35658,Unemployed,26,12,0,0,0,114365,3556,0.09972516686297606,0.2672728887393198,681.9966066520838,Low,1
46,9852,Self-Employed,4,17,2,5,0,41366,327,0.033191230207064555,0.3498951143591826,590.0233455136013,Medium,1
21,32450,Employed,22,4,3,2,1,189027,796,0.02453004622496148,0.48543143297380587,467.93050847457624,High,0
27,5551,Employed,27,5,2,3,0,104830,2861,0.5154026301567285,1.5737404671830901,438.7272563502072,High,0
34,9411,Employed,20,16,4,4,0,46911,4760,0.5057910955265116,0.415391563064499,524.3815747529486,High,0
27,36243,Self-Employed,6,10,4,1,0,88422,2793,0.07706315702342521,0.2033082250365588,618.5539276549955,Medium,1
34,24800,Employed,12,19,4,0,0,58619,3094,0.12475806451612903,0.19697244623655913,678.210685483871,Medium,1
37,13403,Self-Employed,19,15,1,5,0,180368,2977,0.22211445198836083,1.1214404735258277,521.059837349847,High,0
41,10239,Unemployed,23,8,4,2,0,27791,962,0.09395448774294364,0.22618582543868215,585.1543119445258,Medium,1
22,9710,Employed,28,1,4,1,0,13301,1268,0.1305870236869207,0.1141520768966701,572.4804325437693,Medium,1
51,24384,Employed,26,4,1,0,0,131866,372,0.015255905511811024,0.45065753499562555,631.1298392388451,Medium,1
23,24038,Employed,29,0,4,5,0,108623,4380,0.18221149846077045,0.37656696341903095,465.5406023795657,High,0
19,25447,Employed,25,3,3,3,0,117824,2568,0.10091562856132354,0.3858477096186846,539.7392619955201,High,0
30,5285,Employed,12,3,4,5,1,171851,4902,0.9275307473982971,2.7097287921791233,300.0,High,0
60,16521,Employed,26,2,4,3,0,41894,4742,0.2870286302281944,0.21131690979157838,512.8775497851219,High,0
60,9971,Unemployed,25,8,1,0,1,84618,3693,0.37037408484605355,0.7072008825594224,493.1230568649083,High,0
28,32139,Employed,6,11,3,5,0,185322,1604,0.04990821120756713,0.48052210709729615,540.1796882292541,High,0
64,22909,Employed,9,9,2,2,0,75994,95,0.004146841852547034,0.27643429801970115,617.9163210965122,Medium,1
40,14531,Unemployed,14,1,0,5,1,46770,4369,0.3006675383662515,0.26821966829536853,402.8267152983277,High,0
33,17721,Self-Employed,20,10,3,0,1,27300,3941,0.2223915128943062,0.12837875966367587,535.6102928728627,High,0
48,22206,Employed,26,9,2,1,0,123025,1200,0.054039448797622264,0.46168077696718607,620.8144195262541,Medium,1
28,9530,Employed,5,5,3,1,0,165557,3944,0.4138509968520462,1.4476827562084644,488.4769150052466,High,0
33,14116,Employed,4,17,2,5,0,125605,4879,0.34563615755171434,0.7415049116841409,529.0333663927458,High,0
25,3258,Self-Employed,22,1,2,5,0,45285,131,0.040208717004297116,1.1583026396562308,460.6767955801105,High,0
21,3282,Self-Employed,27,1,3,3,0,122713,3115,0.9491163924436319,3.1158084501320333,300.0,High,0
57,16937,Self-Employed,1,9,1,0,0,168543,1390,0.08206884336068962,0.8292643325264214,625.395878845132,Medium,1
21,4898,Employed,20,15,3,3,0,53671,1149,0.23458554512045732,0.9131448210153804,552.0610453246222,Medium,1
42,7135,Self-Employed,14,11,3,2,0,123216,3510,0.49194113524877364,1.439103013314646,489.62088297126843,High,0
20,9629,Employed,25,0,2,1,0,25270,3647,0.3787516876103438,0.2186969917263821,551.4279779831758,Medium,1
49,22584,Employed,15,7,0,4,0,124870,807,0.03573326248671626,0.4607613059393081,573.0663301452355,Medium,1
20,26551,Employed,18,15,2,4,1,132897,4839,0.1822530224850288,0.4171123498173327,478.10289631275657,High,0
44,36380,Employed,8,17,4,0,0,149770,50,0.0013743815283122594,0.3430685358255452,674.2509620670697,Medium,1
46,20071,Employed,28,12,3,0,1,77265,3208,0.15983259429026955,0.3207986647401724,541.5721688007574,High,0
49,23074,Self-Employed,21,14,3,4,0,175801,55,0.002383635260466326,0.6349173673109705,571.6189217300858,Medium,1
36,28188,Unemployed,28,11,1,0,0,16171,3664,0.129984390520789,0.04780698642448323,676.5334539520363,Medium,1
38,5307,Employed,25,7,2,1,0,65684,743,0.14000376860749952,1.0314050624960744,566.3152440173355,Medium,1
22,14205,Employed,18,9,1,2,0,191237,4538,0.31946497712073213,1.1218878329226798,539.3509327701514,High,0
35,8906,Employed,6,13,3,2,0,54948,2876,0.3229283629014148,0.5141477655513137,575.3997305187514,Medium,1
45,5591,Employed,3,4,2,3,0,39725,79,0.014129851547129315,0.5920974184701604,552.7785727061348,Medium,1
59,18149,Employed,29,17,2,1,1,24450,4472,0.24640476059287014,0.11226513857512811,558.6955204143479,Medium,0
39,28150,Unemployed,2,18,4,0,0,149372,3940,0.1399644760213144,0.4421906453522795,656.6728241563055,Medium,1
38,34852,Employed,23,14,4,0,0,130900,2966,0.08510272007345346,0.3129901679482765,651.008263514289,Medium,1
23,4283,Employed,28,5,0,3,0,89600,3728,0.8704179313565258,1.7433263288971905,405.9502685033855,High,0
18,36691,Employed,19,10,4,3,0,140513,4536,0.1236270475048377,0.31913593705995114,566.0165980758223,Medium,1
22,4125,Unemployed,10,10,2,0,0,116315,125,0.030303030303030304,2.3497979797979798,535.3757575757576,High,0
58,4529,Self-Employed,0,19,4,0,1,155404,218,0.048134245970412895,2.8594244498417605,427.65842349304484,High,0
29,29170,Unemployed,5,19,0,1,0,25115,947,0.03246486115872472,0.07174894297794537,716.7992800822764,Low,1
43,11438,Self-Employed,25,17,3,3,0,104405,4373,0.3823220842804686,0.7606589147286822,553.4818150026229,Medium,1
63,23095,Employed,10,17,4,1,0,92404,594,0.02571985278198744,0.3334199321642491,651.9084217363065,Medium,1
51,19154,Employed,26,9,2,5,0,178069,140,0.007309178239532213,0.7747250356757509,527.6393964707111,High,0
31,11004,Self-Employed,0,1,3,0,0,149687,2893,0.2629043984005816,1.1335802132557857,525.4366593965831,High,0
43,12752,Employed,20,8,2,4,0,150804,3055,0.2395702634880803,0.9854924717691342,502.1220200752823,High,0
62,29819,Employed,6,13,3,4,0,161439,1630,0.054663134243267714,0.4511636875817432,571.3706026359033,Medium,1
44,39632,Employed,5,18,2,5,0,115670,876,0.02210335082761405,0.24321676086663976,602.7545922486879,Medium,1
26,29515,Employed,13,9,4,0,0,47738,4205,0.14246993054379128,0.13478457281608222,629.8165339657801,Medium,1
43,27217,Employed,1,3,4,3,0,137053,2660,0.09773303450049602,0.4196305005450025,528.0942058272403,High,0
64,26172,Employed,26,5,0,4,0,198953,3390,0.12952773956900504,0.6334791634826022,541.4479214427632,High,0
39,35994,Self-Employed,3,13,3,3,0,194681,4891,0.13588375840417846,0.4507255838936119,581.6504139578818,Medium,1
64,18036,Employed,10,3,0,4,0,86666,2029,0.11249722776668884,0.40043062024099946,547.4744954535373,High,0
47,14739,Employed,14,14,1,3,0,89351,4824,0.32729493181355584,0.5051846574846779,580.4135287332927,Medium,1
60,35220,Employed,17,15,4,4,1,144638,2552,0.07245883021010789,0.34222506151807686,475.77143668370246,High,0
34,12587,Employed,26,6,3,3,0,15728,3611,0.2868832922856916,0.10412859828924022,549.3262890283626,High,0
43,33129,Employed,0,16,0,5,0,110852,1040,0.03139243563041444,0.2788392848159216,609.502550635395,Medium,1
53,3645,Employed,2,18,0,1,0,88911,314,0.08614540466392319,2.032716049382716,587.6995884773663,Medium,1
18,33930,Employed,2,18,1,3,0,122616,3459,0.10194518125552608,0.30114942528735633,639.6976127320954,Medium,1
25,19299,Employed,27,16,0,1,1,41214,4172,0.21617700398984405,0.17796258873516763,573.3810041971086,Medium,0
52,33090,Employed,6,5,2,1,0,194007,3025,0.09141734663040194,0.48858416440012087,594.7148685403445,Medium,1
32,24953,Employed,0,10,4,0,0,50588,2946,0.11806195647817898,0.16894428191667002,635.6959083076183,Medium,1
64,29475,Employed,24,15,0,5,0,155025,3236,0.10978795589482612,0.43829516539440205,585.5277353689568,Medium,1
39,21888,Employed,10,7,0,1,0,73408,3680,0.16812865497076024,0.2794834307992203,628.0555555555557,Medium,1
31,19087,Employed,5,10,1,2,0,39103,4807,0.25184680672709175,0.17072265590890834,609.5350238382144,Medium,1
43,12346,Self-Employed,19,6,2,1,0,75949,3106,0.2515794589340677,0.5126424212970463,579.0519196500891,Medium,1
45,3587,Employed,2,18,0,3,0,185336,1537,0.42849177585726234,4.305733667874732,370.2369668246445,High,0
40,15763,Employed,18,9,4,1,0,156228,3872,0.24563852058618282,0.825921461650701,555.968089830616,Medium,1
31,7079,Employed,1,8,4,3,1,18423,1867,0.2637378160757169,0.2168738522390168,445.33903093657295,High,0
41,39116,Self-Employed,17,3,0,3,0,43062,4949,0.126521116678597,0.0917399529604254,584.3130688209428,Medium,1
19,23215,Unemployed,29,14,2,2,0,178877,1161,0.05001076889941848,0.6421028070931151,615.4725393064829,Medium,1
62,28817,Self-Employed,11,12,4,1,1,6987,3920,0.13603081514383872,0.020205087274872472,532.463996946247,High,0
43,27765,Self-Employed,28,1,4,1,0,67979,3882,0.13981631550513235,0.20403085419292874,565.9801908878085,Medium,1
31,33112,Employed,9,1,2,4,0,42597,2756,0.08323266489490215,0.10720433679632761,538.5798200048321,High,0
24,28556,Self-Employed,4,15,2,4,0,88905,1912,0.06695615632441518,0.25944635102955593,601.3984801792968,Medium,1
20,21099,Employed,8,8,0,0,0,163940,264,0.012512441347931181,0.6475030412183832,649.6483245651452,Medium,1
64,9450,Employed,1,12,3,3,0,81970,4428,0.4685714285714286,0.7228395061728395,520.4010582010583,High,0
40,16230,Employed,1,2,1,2,0,68805,4915,0.30283425754775106,0.35328096118299446,552.4630314232902,Medium,1
63,32009,Employed,27,8,3,4,0,124779,1302,0.040676059858164894,0.3248539473273142,555.6276359773814,Medium,1
60,8433,Unemployed,5,12,3,1,1,152708,1194,0.1415866239772323,1.5090319775485197,452.467686469821,High,0
64,36866,Employed,28,1,4,0,0,62467,1526,0.04139315358324744,0.14120282464420694,601.560652091358,Medium,1
62,21710,Self-Employed,9,7,2,2,0,112732,3604,0.1660064486411792,0.4327191770305543,579.1160755412252,Medium,1
35,14439,Employed,17,8,4,5,0,153079,4394,0.304314703234296,0.8834810813306554,460.4733707320451,High,0
55,19021,Employed,11,15,1,1,0,106460,2248,0.1181851637663635,0.46641431400382033,652.8329215078072,Medium,1
52,9416,Employed,3,1,0,1,0,139461,1158,0.122982158028887,1.2342555225148684,546.1868096856415,High,0
32,9980,Employed,21,5,1,5,0,123105,4367,0.4375751503006012,1.0279308617234468,450.8151302605211,High,0
42,21058,Self-Employed,20,7,4,3,0,129535,4630,0.21986893342197739,0.5126119922753032,527.8590084528446,High,0
54,14101,Employed,16,4,4,3,1,14458,3513,0.2491312672860081,0.08544311278159941,434.97766115878306,High,0
45,35602,Employed,14,8,4,4,0,73481,2078,0.05836750744340206,0.17199642342190513,552.6761137014774,Medium,1
27,12122,Self-Employed,5,0,4,4,0,79888,1144,0.09437386569872959,0.5491943023703459,485.72347797393167,High,0
56,15576,Employed,15,8,3,1,1,81022,68,0.004365690806368772,0.43347671631569934,513.4675141242938,High,0
34,30516,Unemployed,16,9,0,1,0,177472,3717,0.12180495477782147,0.4846419364704854,631.3048892384322,Medium,1
56,25433,Employed,2,3,3,4,0,72628,3008,0.1182715369795148,0.23797166411093199,526.5291157158023,High,0
39,4089,Employed,9,2,4,5,0,187929,826,0.20200538028857912,3.8299706529713866,300.0,High,0
43,12127,Employed,4,9,2,4,0,172599,1169,0.0963964706852478,1.1860517852725323,512.2693164014183,High,0
61,13487,Employed,13,14,3,1,1,75648,983,0.07288500037072737,0.4674130644324164,533.2090160895677,High,0
42,3155,Employed,25,10,4,2,0,21937,4576,1.4503961965134706,0.5794241944004226,411.18700475435816,High,0
34,4958,Self-Employed,28,13,4,1,0,173744,3977,0.8021379588543768,2.9202635471292187,383.5276321097217,High,0
30,13693,Unemployed,20,5,0,2,0,6112,3334,0.24348207113123493,0.03719662114462377,603.5503541955744,Medium,1
37,31795,Self-Employed,12,11,1,2,0,171617,2340,0.07359647743355874,0.4498008072548095,619.1803742726844,Medium,1
42,24447,Employed,25,12,3,1,0,53355,2015,0.0824232012107825,0.18187303145580236,639.196833967358,Medium,1
21,39598,Employed,5,16,3,0,0,80561,1452,0.036668518612051115,0.16953928649595099,685.4274205767969,Low,1
27,28215,Employed,11,15,3,4,0,170154,2133,0.07559808612440191,0.5025518341307815,575.7751196172248,Medium,1
20,12794,Employed,25,2,4,3,0,123181,1039,0.08120994216038768,0.8023357302902402,502.1146631233391,High,0
58,36209,Self-Employed,7,1,0,1,0,65482,4723,0.13043718412549365,0.1507037845102967,610.3053108343229,Medium,1
62,25424,Employed,4,10,4,2,0,84098,4213,0.16570956576463183,0.2756516152716593,583.5757551919446,Medium,1
35,9370,Employed,29,8,4,1,0,147376,3466,0.36990394877267874,1.310707933119886,506.96905016008543,High,0
64,12528,Employed,14,2,2,4,1,127978,3026,0.2415389527458493,0.8512797999148574,379.93853767560665,High,0
53,31276,Unemployed,26,17,0,5,1,61625,4257,0.13611075585113186,0.16419672166091145,508.81490599820944,High,0
64,11179,Employed,15,19,3,2,0,180957,2747,0.24572859826460328,1.3489355040701314,564.5764379640397,Medium,1
39,19843,Employed,0,14,1,3,1,129359,4262,0.21478607065463892,0.5432604276907054,491.630045860001,High,0
51,26952,Employed,15,13,3,3,0,76246,4395,0.16306767586821014,0.23574626496487583,591.2871029979221,Medium,1
64,36160,Employed,4,1,4,3,0,17588,3495,0.0966537610619469,0.04053281710914454,540.9695796460177,High,0
25,32516,Employed,2,16,0,5,0,120910,3855,0.11855701808340509,0.30987308812072006,597.1807725427482,Medium,1
57,13449,Employed,19,7,0,0,0,133658,561,0.04171313852331028,0.8281780553696682,630.3037400550227,Medium,1
61,24125,Self-Employed,14,9,0,2,0,25967,2203,0.09131606217616581,0.08969602763385147,638.660310880829,Medium,1
36,10418,Employed,12,17,2,5,0,135153,3419,0.32818199270493376,1.0810856210405069,510.7530236129776,High,0
59,25746,Self-Employed,23,18,3,2,1,29256,1144,0.044434086848442474,0.09469432144799192,558.9862502913074,Medium,0
58,5454,Unemployed,15,7,2,5,0,194420,2699,0.49486615328199485,2.9706026158171372,327.37990465713233,High,0
54,20761,Self-Employed,22,7,1,5,0,161124,1551,0.07470738403737777,0.6467414864409229,527.2306247290593,High,0
23,18223,Employed,10,2,4,0,0,133121,4021,0.22065521593590517,0.6087590773564543,556.9958294463041,Medium,1
43,9701,Employed,20,2,2,2,0,194551,560,0.05772600762807958,1.6712280520908498,492.7991959591795,High,0
51,5597,Self-Employed,1,11,2,5,0,85732,1187,0.212077898874397,1.276457626109225,482.9631945685189,High,0
62,3141,Self-Employed,21,16,4,0,0,196272,3133,0.9974530404329831,5.207258834765998,300.0,High,0
23,5659,Employed,26,3,0,1,0,135145,3411,0.6027566707898923,1.9901189845084526,453.26206043470575,High,0
54,23980,Self-Employed,5,16,4,4,0,138578,1689,0.07043369474562135,0.4815749235474006,572.6534612176813,Medium,1
50,12031,Employed,25,13,3,5,0,103120,4407,0.3663037154018785,0.714265924140415,498.18759870334975,High,0
39,18037,Employed,25,18,4,3,0,156781,2423,0.13433497810057105,0.7243490233039492,580.4188612296945,Medium,1
38,9142,Employed,29,8,0,0,0,194607,1369,0.14974841391380442,1.773928024502297,565.5945088602056,Medium,1
23,15109,Employed,26,11,4,0,0,49840,580,0.03838771593090211,0.274891345114391,643.8999933814283,Medium,1
23,25010,Employed,5,4,2,5,0,117647,976,0.03902439024390244,0.39199986671997866,521.7970811675331,High,0
21,11787,Self-Employed,13,10,1,0,1,196659,4272,0.3624331891066429,1.3903665054721304,463.08602697887505,High,0
47,11472,Employed,24,19,2,1,0,64321,4609,0.4017608089260809,0.4672318107856811,628.7547942817295,Medium,1
28,26383,Employed,10,2,1,0,1,48202,2356,0.08929992798392905,0.15225081807729726,530.1489595572907,High,0
47,7249,Employed,7,14,4,4,1,192660,118,0.016278107325148297,2.214788246654711,365.15933232169954,High,0
48,37518,Employed,7,13,3,4,0,139162,1542,0.04110027186950264,0.3091005206389822,581.5219361373207,Medium,1
41,21351,Employed,0,10,4,3,0,64231,4862,0.22771767130345183,0.25069473717078045,557.632195213339,Medium,1
26,7088,Self-Employed,20,19,0,1,1,26552,3043,0.42931715575620766,0.31217080511662904,554.7516930022573,Medium,0
20,18282,Self-Employed,6,7,4,4,1,169813,972,0.05316704955694125,0.7740445976005543,412.17727819713383,High,0
48,22330,Self-Employed,5,3,1,5,0,26661,915,0.04097626511419615,0.09949619346171071,544.1130765785938,High,0
57,24778,Self-Employed,20,11,2,2,0,177097,1437,0.05799499556057793,0.5956123711894961,602.3038582613609,Medium,1
54,27264,Employed,7,7,3,2,0,142164,586,0.02149354460093897,0.4345290492957746,586.3490316901409,Medium,1
53,8075,Employed,18,5,4,2,0,171746,350,0.043343653250773995,1.772404540763674,483.45448916408674,High,0
41,13412,Employed,21,14,4,5,0,136642,4591,0.34230539815090966,0.8490033800576599,487.9831494184312,High,0
48,31365,Employed,20,11,2,0,0,148156,2562,0.08168340506934481,0.39363409320367715,651.5799457994581,Medium,1
23,10230,Unemployed,23,15,3,5,0,70843,1870,0.1827956989247312,0.5770853698273053,538.4393939393939,High,0
19,14002,Employed,19,15,4,0,0,196824,272,0.019425796314812168,1.1714040851306957,612.3846593343808,Medium,1
37,16947,Employed,7,19,4,2,0,74278,2927,0.17271493479671918,0.36524655297889497,622.35941464566,Medium,1
45,16686,Unemployed,25,19,1,3,0,99328,4358,0.2611770346398178,0.4960645651044788,613.8948819369532,Medium,1
28,32304,Unemployed,13,3,1,3,0,136837,3439,0.10645740465577018,0.3529929214132409,561.0455361565132,Medium,1
21,16074,Self-Employed,17,10,0,0,1,131355,3041,0.18918750777653354,0.6809910414333706,536.4380365808137,High,0
32,7493,Employed,24,12,2,2,0,29198,3948,0.526891765647938,0.32472529916811244,567.2894701721607,Medium,1
23,37228,Employed,28,8,3,5,0,66201,1764,0.047383689695927794,0.14818819168367894,545.422665735468,High,0
47,17140,Employed,15,3,4,3,0,78271,4290,0.25029171528588096,0.38054745235316995,512.1321470245041,High,0
55,34655,Employed,8,11,4,0,0,183271,1770,0.05107488096955706,0.4407036021738085,632.4287981532246,Medium,1
19,9816,Employed,14,8,0,5,0,147449,1522,0.15505297473512633,1.2517743140450965,496.28718418907897,High,0
32,14639,Employed,29,12,4,2,0,116578,831,0.05676617255277,0.6636268415419997,583.3704488011476,Medium,1
28,32492,Unemployed,25,15,2,1,0,144108,561,0.017265788501785055,0.36959867044195494,660.7521851532686,Medium,1
25,14240,Employed,9,5,0,2,0,45364,3540,0.24859550561797752,0.2654728464419476,589.2401685393259,Medium,1
43,35698,Self-Employed,28,9,2,2,0,120227,4136,0.11586083253963808,0.28065764655349507,604.2572413020338,Medium,1
62,29957,Self-Employed,21,12,0,5,0,105353,1479,0.049370764762826716,0.2930672853311969,586.4914711085889,Medium,1
61,35808,Employed,15,6,4,5,1,173515,4466,0.1247207327971403,0.40380873920166815,400.8049877122431,High,0
22,8827,Self-Employed,3,18,0,4,0,137735,1205,0.13651297156451794,1.3003190967108493,565.5992976096069,Medium,1
23,35762,Employed,19,18,1,4,0,175316,656,0.01834349309322745,0.40852487743041965,623.2872881829875,Medium,1
43,11259,Employed,12,16,3,5,0,194463,3940,0.3499422684074962,1.4393152144950707,471.6480149213962,High,0
21,17849,Self-Employed,21,12,4,5,0,82564,589,0.03299904756568996,0.38547444301268047,542.9116477113564,High,0
36,19232,Employed,4,12,3,1,0,151149,4326,0.22493760399334442,0.6549370840266223,593.7112624792013,Medium,1
37,27173,Unemployed,21,1,4,1,0,193921,4904,0.1804732639016671,0.5947110489579116,537.6605453943253,High,0
50,8374,Employed,6,9,3,2,0,110447,1371,0.16372104131836637,1.0991063609585223,539.4070933842847,High,0
37,24174,Employed,22,12,1,3,0,24631,4574,0.18921154959874245,0.08490871735473374,612.200091006867,Medium,1
29,26567,Employed,8,8,3,1,1,188724,3751,0.1411901983663944,0.5919750065871193,487.5386758008055,High,0
64,38292,Employed,7,0,0,2,0,38500,3759,0.09816671889689753,0.08378599533409938,593.1928340123263,Medium,1
18,12277,Employed,28,13,3,0,0,155969,2100,0.17105155982731937,1.0586801878852055,600.9530015476093,Medium,1
43,34600,Self-Employed,15,15,4,4,0,63915,1884,0.05445086705202312,0.1539378612716763,589.2296242774567,Medium,1
31,12885,Self-Employed,5,19,2,3,1,173449,747,0.057974388824214206,1.1217759668865606,490.7365153279007,High,0
55,3778,Self-Employed,27,14,3,2,1,107760,463,0.12255161461090525,2.3769190047644257,392.6786659608258,High,0
54,32165,Employed,15,0,3,5,0,31897,753,0.02341053940618685,0.08263899683921447,512.2323954609047,High,0
28,4492,Self-Employed,5,16,3,0,0,183352,582,0.12956366874443456,3.4014544375185514,480.36509349955475,High,0
53,33462,Self-Employed,13,12,4,4,0,106639,2205,0.06589564281871974,0.26557239057239057,566.1581794274102,Medium,1
30,16615,Self-Employed,20,14,3,0,0,118849,4114,0.24760758350887752,0.5960928879526532,624.5215167017755,Medium,1
60,10851,Employed,0,15,4,2,0,116118,4150,0.3824532301170399,0.8917611280066353,545.599944705557,High,0
20,19288,Self-Employed,24,15,4,1,0,62320,4027,0.20878266279552052,0.2692520392644822,623.7909581086686,Medium,1
50,10156,Self-Employed,8,1,2,4,0,73289,4816,0.4742024419062623,0.6013604437442562,462.0140803465932,High,0
23,5044,Employed,24,16,0,0,1,36941,3353,0.6647501982553529,0.6103125826063971,513.6112212529739,High,0
27,10368,Self-Employed,26,10,4,1,1,150306,2808,0.2708333333333333,1.2080922067901234,435.0144675925926,High,0
22,22900,Employed,23,7,1,3,0,80172,3603,0.1573362445414847,0.2917467248908297,578.614847161572,Medium,1
40,33600,Employed,12,19,3,2,0,8376,3913,0.11645833333333333,0.020773809523809524,659.7785714285714,Medium,1
27,28634,Employed,25,2,1,2,1,35783,1419,0.04955647132779214,0.10413901888198179,497.8048823077461,High,0
61,12168,Employed,28,11,3,4,0,177321,2167,0.17809007232084156,1.2143943129520052,500.7655325443787,High,0
19,23961,Employed,18,19,2,0,0,48025,2144,0.08947873627978799,0.16702488766467732,704.2410583865448,Low,1
30,26852,Self-Employed,16,15,4,3,0,21447,2167,0.0807016237151795,0.06655928794875615,611.3222478772531,Medium,1
57,36110,Employed,10,13,0,5,0,21713,1560,0.0432013292716699,0.050108464875842335,606.809332594849,Medium,1
19,35174,Self-Employed,27,15,4,4,0,133869,1176,0.033433786319440495,0.3171589810655598,581.9584067777336,Medium,1
37,37215,Unemployed,27,16,3,5,0,9858,1268,0.03407228268171436,0.022074432352546015,594.5868601370415,Medium,1
18,29955,Employed,7,10,0,4,0,187187,3587,0.11974628609581038,0.5207450063984866,574.3857452845936,Medium,1
54,9581,Unemployed,22,16,4,0,0,64834,1166,0.12169919632606199,0.5639112131649445,641.5614236509759,Medium,1
26,9317,Unemployed,28,18,0,3,0,87060,3575,0.3837072018890201,0.7786841257915638,587.2340882258237,Medium,1
34,29649,Self-Employed,4,0,3,0,0,140611,2841,0.09582110695133057,0.3952100689174452,584.7888630307937,Medium,1
26,26132,Self-Employed,9,11,2,2,1,154929,1870,0.07155977345782948,0.4940590081126588,506.7692866983009,High,0
28,19789,Unemployed,6,14,2,5,0,108898,3929,0.19854464601546315,0.4585796823150909,548.6598615392389,High,0
32,17567,Self-Employed,9,17,4,1,0,107207,2267,0.12904878465304265,0.5085624561203772,629.0003984744122,Medium,1
41,17868,Employed,3,13,1,2,0,141436,2886,0.16151779717931497,0.6596336094321319,606.0398477725543,Medium,1
55,27370,Self-Employed,8,0,3,2,0,195241,159,0.005809280233832663,0.59444951893801,543.6359152356595,High,0
52,33483,Self-Employed,26,12,4,5,0,91366,2658,0.07938356778066481,0.22739400093579826,546.8303318101723,High,0
47,15466,Employed,25,14,4,4,0,157150,3763,0.24330790120263804,0.8467498599077546,519.9980602612181,High,0
48,31803,Employed,13,6,2,2,0,173646,4734,0.14885388170927272,0.45500424488255825,574.8372795019338,Medium,1
22,21230,Self-Employed,1,14,0,3,0,5869,1055,0.0496938294865756,0.02303736850368975,652.6544983513896,Medium,1
61,20862,Employed,24,19,3,2,0,67624,333,0.015962036238136326,0.2701243089508836,656.8770971143706,Medium,1
31,34259,Unemployed,8,9,0,3,0,176147,3596,0.10496511865495198,0.42846891814316435,596.6960506728159,Medium,1
28,36539,Employed,20,13,3,0,0,98676,891,0.024384903801417664,0.22504720983059198,668.5709789539943,Medium,1
26,24909,Employed,26,5,1,4,0,8659,2987,0.119916496045606,0.028968779691410065,568.8718936930426,Medium,1
51,33795,Employed,0,13,2,3,0,172442,4447,0.13158751294570203,0.4252157617004488,593.6965527444888,Medium,1
29,11770,Employed,22,11,1,2,0,111888,1362,0.1157179269328802,0.7921835174171623,593.5828377230247,Medium,1
52,14093,Self-Employed,9,10,4,4,0,63185,925,0.0656354218406301,0.37361929090092005,549.7065919250692,High,0
52,3193,Unemployed,9,19,2,4,0,122136,2443,0.7651111807077983,3.1875978703413717,361.9307860945819,High,0
18,37775,Self-Employed,19,18,4,3,0,179823,2577,0.06821972203838518,0.3966975512905361,608.0117802779616,Medium,1
57,20569,Employed,24,1,1,3,0,67758,3980,0.19349506538966404,0.27451504691526085,545.3096893383246,High,0
39,14190,Employed,21,19,3,1,0,141203,2405,0.16948555320648345,0.8292400751703077,624.9073291050036,Medium,1
46,35327,Self-Employed,28,0,4,1,0,137430,1419,0.04016757720723526,0.324185467206386,565.7287627027486,Medium,1
25,23389,Unemployed,2,7,0,4,0,96150,2875,0.1229210312540083,0.3425755697122579,569.6949420667836,Medium,1
28,5261,Employed,5,13,3,5,1,193443,59,0.011214597985173921,3.0641037825508457,300.0,High,0
58,31369,Employed,28,8,3,5,0,152318,2524,0.080461602218751,0.40464046245231494,526.0661799866109,High,0
54,29512,Employed,25,1,1,1,0,22216,3797,0.12865952832746003,0.06273154423059546,605.7969639468691,Medium,1
31,9716,Unemployed,5,4,1,2,0,46209,2659,0.27367229312474267,0.3963307945656649,563.379477151091,Medium,1
47,24259,Self-Employed,20,7,2,0,0,47987,4096,0.16884455253720268,0.16484260137131238,634.848097613257,Medium,1
52,31933,Employed,1,15,2,4,0,113024,1578,0.04941596467604046,0.29495088675247133,601.3730310337269,Medium,1
38,7378,Employed,25,15,0,0,0,156649,4406,0.5971808078069938,1.7693254721243337,547.1787747357007,High,0
54,22835,Unemployed,25,12,3,1,0,47320,3105,0.13597547624261003,0.1726881249543829,633.3216553536238,Medium,1
22,32033,Employed,17,19,0,3,1,16301,707,0.022070989292292325,0.042406788832349974,579.8070739549839,Medium,0
36,27000,Employed,22,14,0,4,0,131560,1780,0.06592592592592593,0.4060493827160494,607.7259259259259,Medium,1
31,13332,Employed,1,0,1,1,0,5891,2413,0.180993099309931,0.036822432243224325,596.0714821482148,Medium,1
43,5800,Employed,11,2,0,2,0,158044,4953,0.8539655172413793,2.2707471264367816,381.2793103448276,High,0
21,32538,Employed,21,5,0,4,0,55457,3406,0.10467760772020407,0.14203136845124675,573.9168049665006,Medium,1
42,33119,Self-Employed,4,13,4,4,0,118389,2161,0.06524955463631148,0.29788791932123554,569.2967782843684,Medium,1
62,11333,Unemployed,19,3,2,5,0,190507,3539,0.3122738904085414,1.400827965528398,423.4774552192712,High,0
59,8410,Self-Employed,6,17,2,3,1,25932,608,0.072294887039239,0.2569560047562426,530.9072532699167,High,0
42,20839,Unemployed,23,14,3,4,0,9192,308,0.014779979845482029,0.036758001823504007,606.020922309132,Medium,1
35,33519,Employed,15,8,2,3,0,21128,4307,0.12849428682239925,0.052527422258022816,591.4290402458307,Medium,1
57,8808,Self-Employed,19,17,3,1,0,27836,2364,0.2683923705722071,0.2633590675143809,636.9913714804723,Medium,1
25,9796,Employed,0,2,4,2,0,29837,184,0.018783176806859942,0.25381958622567036,562.5168436096367,Medium,1
56,24180,Self-Employed,0,9,2,2,0,122028,245,0.010132340777502068,0.4205541770057899,608.5508684863524,Medium,1
57,20709,Unemployed,16,16,4,4,0,121481,238,0.011492587763774204,0.4888414055080722,579.2904051378628,Medium,1
31,20543,Employed,26,6,2,4,0,130176,519,0.02526408022197342,0.528063087182982,545.2845251423843,High,0
49,32075,Employed,0,14,2,1,0,130172,3907,0.12180826188620421,0.3381969342686412,645.091192517537,Medium,1
55,33502,Employed,20,0,4,5,0,27778,276,0.008238314130499672,0.06909537739040456,504.86567966091576,High,0
50,19724,Employed,19,10,0,5,0,48130,4028,0.20421821131616305,0.2033478672345028,563.2929426079903,Medium,1
40,6828,Employed,12,16,0,5,0,21708,4309,0.6310779144698301,0.2649384885764499,538.3743409490334,High,0
32,20087,Self-Employed,29,4,0,3,0,112481,605,0.030118982426444965,0.4666409452216193,578.3872653955294,Medium,1
50,15605,Unemployed,8,6,0,5,0,160304,4573,0.2930471002883691,0.8560504111929937,493.4713232938161,High,0
42,34337,Employed,14,18,2,2,0,193338,4603,0.13405364475638523,0.46921687975070625,635.7605498441914,Medium,1
34,8482,Employed,2,14,1,3,0,175484,4053,0.47783541617543035,1.7240823705100998,489.2148078283424,High,0
50,30005,Employed,13,2,4,1,1,9782,2712,0.090384935844026,0.027167694273176692,487.5237460423263,High,0
64,25760,Unemployed,22,14,1,2,0,197268,141,0.0054736024844720494,0.6381599378881988,631.0535714285713,Medium,1
19,8463,Employed,10,4,1,2,0,162387,3661,0.4325889164598842,1.5989897199574619,472.1499468273662,High,0
31,7912,Employed,23,11,3,0,0,15052,2369,0.29941860465116277,0.1585355578024941,629.5576339737108,Medium,1
57,7648,Employed,21,19,0,1,1,24521,1717,0.2245031380753138,0.26718314156206413,582.0286349372385,Medium,0
57,36623,Employed,11,4,2,1,0,74690,4556,0.12440269775823935,0.16995239785562807,604.8745323976736,Medium,1
56,38634,Employed,12,2,0,0,0,40546,4765,0.1233369570844334,0.08745750720436231,639.9521147176063,Medium,1
23,6112,Unemployed,25,8,0,3,0,162044,3427,0.5607002617801047,2.2093695462478187,430.15379581151836,High,0
23,25054,Employed,12,8,1,5,0,109713,2324,0.09275963917937255,0.36492176897900536,546.973537159735,High,0
20,7492,Self-Employed,0,6,3,5,0,107617,1844,0.24612920448478376,1.1970212671293825,448.6432194340629,High,0
24,25207,Employed,23,1,0,5,0,27030,399,0.015828936406553733,0.08936009838536914,547.7389217280914,High,0
25,18114,Self-Employed,9,15,4,5,1,176448,4763,0.2629457877884509,0.8117478193662361,404.7416363034117,High,0
59,37285,Self-Employed,2,8,4,5,1,94831,2563,0.06874078047472174,0.2119507397970587,429.03406195520984,High,0
32,19018,Employed,23,12,0,0,0,82400,1522,0.08002944578820065,0.361061450555614,678.7327794720791,Medium,1
64,24386,Employed,27,18,1,1,0,23055,1334,0.05470351841220372,0.07878495858279341,698.708480275568,Low,1
46,20740,Employed,3,19,1,3,0,161565,2623,0.1264705882352941,0.6491682738669238,620.8734329797493,Medium,1
50,11210,Self-Employed,15,16,2,2,0,79861,238,0.021231043710972345,0.5936738031519476,631.8318465655665,Medium,1
47,15743,Employed,7,5,3,5,0,126184,3215,0.20421774757034872,0.66793707256135,480.41764593787707,High,0
56,9588,Unemployed,15,3,1,0,1,121524,3647,0.38037129745515225,1.0562161034626616,445.98247809762205,High,0
44,6311,Employed,26,0,2,3,0,121826,1616,0.2560608461416574,1.608646278983785,442.75392172397403,High,0
53,25432,Self-Employed,16,17,4,3,0,41775,2429,0.09550959421201635,0.13688463353255742,615.3257706826046,Medium,1
46,36755,Self-Employed,18,18,4,3,1,187129,3652,0.09936063120663856,0.42427107423026345,502.6204598013875,High,0
55,6321,Self-Employed,21,8,4,0,0,90909,1721,0.2722670463534251,1.1985049833887043,545.4176554342667,High,0
50,18812,Employed,14,12,0,2,0,41253,1272,0.06761641505422071,0.1827423984690623,650.9214862853498,Medium,1
54,16146,Employed,15,7,3,5,0,56884,3139,0.19441347702217268,0.2935918080845617,514.0548742722656,High,0
44,16654,Self-Employed,14,12,2,3,0,81497,2878,0.17281133661582804,0.4077949241423482,584.7949441575597,Medium,1
50,38820,Employed,24,14,3,0,0,22705,1535,0.039541473467284906,0.04873991069895243,682.3306285419886,Low,1
21,3726,Employed,1,10,0,1,0,180748,535,0.14358561460010735,4.042494185006262,420.2200751476114,High,0
39,6760,Employed,10,11,2,0,0,96640,948,0.14023668639053255,1.1913214990138068,596.6923076923077,Medium,1
19,25190,Employed,0,13,2,0,1,12101,4958,0.19682413656212783,0.040032420272594946,568.979158396189,Medium,0
27,4875,Employed,14,3,1,0,1,67495,2642,0.5419487179487179,1.1537606837606837,420.7405128205128,High,0
22,26377,Employed,25,0,3,3,0,140815,3941,0.14941047124388673,0.44487937723521753,515.3779808166206,High,0
27,7033,Employed,18,3,3,0,0,13951,1021,0.14517275700270155,0.1653040428456325,607.661026588938,Medium,1
50,20373,Self-Employed,3,18,1,1,0,143086,433,0.02125361998723801,0.5852762643367856,672.3329897413242,Medium,1
55,6744,Self-Employed,10,8,4,3,0,41180,1403,0.2080367734282325,0.5088473705021748,534.5047449584816,High,0
30,27995,Self-Employed,4,9,0,1,0,61977,3511,0.12541525272370066,0.18448830148240758,648.8808715842114,Medium,1
48,19977,Unemployed,2,3,3,4,1,195606,2935,0.14691895680032035,0.8159633578615407,388.41192371226913,High,0
64,35402,Employed,12,19,1,0,1,68209,4878,0.1377888254900853,0.1605582547125398,608.8318456584374,Medium,0
53,37542,Employed,9,8,2,5,0,177980,4264,0.11357945767407171,0.39506863424076144,532.6663470246657,High,0
62,13651,Employed,10,12,1,5,0,113575,4804,0.35191561057797965,0.6933252753156057,516.1706102117062,High,0
41,36703,Employed,17,11,4,3,0,55918,3333,0.09081001553006567,0.12696055726598188,586.4851647004332,Medium,1
32,16395,Unemployed,1,10,0,5,0,144291,1602,0.09771271729185728,0.7334095760902715,544.2698993595608,High,0
46,32808,Employed,6,11,4,3,0,143235,228,0.006949524506217996,0.36382132406730067,582.3367776152157,Medium,1
25,39576,Employed,8,17,2,0,0,138542,4522,0.11426116838487972,0.2917214136513712,683.7853749747321,Low,1
22,19715,Employed,9,11,2,2,0,152615,4217,0.2138980471722039,0.6450883422098234,580.6269338067461,Medium,1
46,27306,Employed,17,15,2,2,0,155348,2196,0.08042188529993408,0.47409604726677895,626.9036109280012,Medium,1
64,22086,Self-Employed,22,4,2,1,1,125014,2899,0.13125962147967038,0.471693984122672,485.94720637507925,High,0
21,17376,Employed,6,19,1,0,0,172953,110,0.006330570902394107,0.8294630524861878,684.4725483425415,Low,1
29,8889,Unemployed,26,11,2,5,0,83950,1244,0.13994825064686692,0.7870214122323471,520.9849251884351,High,0
62,39636,Employed,6,10,2,0,0,12749,4159,0.10492986174185084,0.02680433612540788,665.8001564234535,Medium,1
19,23584,Employed,2,8,1,4,0,29182,2685,0.11384837177747625,0.10311369289914066,580.1513738127544,Medium,1
44,37610,Unemployed,11,17,2,2,0,82450,3801,0.10106354692900824,0.1826863422848533,651.9111938314278,Medium,1
48,13058,Employed,6,2,4,5,0,85543,3867,0.29614029713585543,0.5459169347015878,451.7081482616021,High,0
53,12101,Unemployed,16,19,4,2,1,101487,1377,0.11379224857449798,0.6988885216097843,509.41161887447316,High,0
53,15497,Unemployed,25,16,3,0,0,115227,1771,0.11428018326127638,0.619619926437375,649.1091824224043,Medium,1
43,7658,Self-Employed,0,13,4,5,0,157455,12,0.0015669887699138157,1.7134042831026377,472.00770436145206,High,0
60,14381,Self-Employed,4,0,0,1,0,83578,4334,0.3013698630136986,0.4843079989801358,564.7771364995481,Medium,1
44,20154,Employed,15,16,0,0,0,121258,3261,0.161804108365585,0.501381032714763,680.500645033244,Low,1
22,22539,Unemployed,14,7,0,1,0,161484,662,0.029371311948178713,0.5970539952970407,625.6522028483962,Medium,1
37,14777,Employed,1,4,1,5,1,18181,3092,0.20924409555390133,0.10252983239719383,428.73891858970023,High,0
28,37396,Self-Employed,8,4,4,2,0,49898,693,0.018531393731949942,0.11119281919634899,581.1046636003852,Medium,1
27,33373,Unemployed,6,8,0,4,0,195702,3390,0.10157912084619303,0.48867347856051296,568.490096784826,Medium,1
57,36154,Unemployed,3,2,3,3,0,8405,1181,0.03266581844332577,0.019373144511441794,564.9177131161144,Medium,1
55,9031,Self-Employed,19,18,1,2,0,15862,3018,0.3341822611006533,0.14636622005684125,641.116155464511,Medium,1
23,30997,Employed,17,8,3,1,0,190751,1504,0.04852082459592864,0.5128211332279468,603.4082330548117,Medium,1
25,9439,Unemployed,20,17,4,0,0,33688,1902,0.20150439665218772,0.2974185118480065,652.9743616908571,Medium,1
40,25785,Self-Employed,3,15,2,5,0,53017,4171,0.16176071359317432,0.17134315816689288,575.3081248788055,Medium,1
64,16392,Unemployed,27,0,3,2,0,17939,328,0.02000976085895559,0.0911979420855702,572.1269521717911,Medium,1
43,31669,Self-Employed,12,1,2,4,1,109152,1439,0.045438757144210425,0.28722094161482836,432.3140926458051,High,0
63,31939,Employed,0,13,1,5,0,44585,3846,0.12041704499201603,0.11632852207854556,583.5702432762454,Medium,1
60,5282,Employed,27,13,3,1,1,121315,4167,0.7889057175312382,1.913968824940048,355.49318439984853,High,0
29,37624,Employed,23,0,3,5,0,109447,224,0.005953646608547736,0.24241397335034376,504.7407240059536,High,0
43,27364,Self-Employed,2,15,1,5,1,159014,2520,0.09209179944452565,0.4842554694732739,474.8936558982605,High,0
30,4998,Employed,15,14,1,0,0,141344,3714,0.7430972388955582,2.3566760037348273,479.4277711084434,High,0
57,34705,Employed,29,14,0,3,0,180206,2407,0.06935600057628584,0.43270902367574315,625.7147385103011,Medium,1
35,12428,Employed,21,11,4,1,1,160337,810,0.06517541036369488,1.0751059435682866,472.6725941422594,High,0
42,15336,Self-Employed,3,15,3,0,0,184264,3117,0.2032472613458529,1.0012606503216832,610.5346896191967,Medium,1
50,12342,Employed,24,13,3,3,1,164740,4773,0.3867282450170151,1.11232647328904,411.8530222006158,High,0
64,10446,Employed,22,14,1,0,1,86560,3290,0.31495309209266703,0.6905354521666985,530.773501818878,High,0
57,10461,Employed,24,14,1,3,0,102435,4386,0.41927158015486093,0.8160070738935092,550.7269859478062,Medium,1
60,37587,Employed,15,18,4,3,0,74283,2251,0.05988772713970256,0.16469124963418202,622.9319977651847,Medium,1
29,13516,Employed,25,7,1,3,0,14297,4661,0.34485054749926014,0.08814861398835948,568.3290174607872,Medium,1
61,16749,Employed,18,1,2,0,0,69005,2529,0.1509940891993552,0.34332895496248533,596.2809719983283,Medium,1
53,20514,Employed,0,1,2,5,0,133833,4606,0.22452958954860094,0.5436653017451496,475.4365311494589,High,0
21,38426,Unemployed,4,9,2,3,0,194506,923,0.024020194659865716,0.4218194278179705,586.8084109717379,Medium,1
22,39268,Unemployed,18,2,2,5,0,137679,3052,0.07772231842721809,0.29217810940205763,513.1426352246103,High,0
54,27950,Employed,21,16,4,1,1,135654,15,0.0005366726296958855,0.40445438282647583,545.668336314848,High,0
25,37888,Unemployed,23,7,3,4,0,195255,3596,0.09491131756756757,0.4294565561655405,537.8432485219595,High,0
59,39788,Employed,10,3,2,5,0,91994,2403,0.06039509399819041,0.19267534600046915,526.1920679601891,High,0
45,13213,Self-Employed,12,13,1,4,1,61305,4451,0.33686520850677365,0.3866457276924241,461.3774313176417,High,0
48,39027,Self-Employed,19,9,2,3,0,164045,4925,0.12619468573039178,0.35028100204132184,578.8397775898736,Medium,1
26,31011,Employed,4,0,4,4,0,159189,4010,0.12930895488697558,0.4277756280029667,488.81638773338494,High,0
46,37591,Employed,20,3,1,4,0,127688,2646,0.07038918890159879,0.28306420863149867,549.5694448139183,High,0
31,20858,Employed,3,0,2,3,0,12645,1101,0.052785501965672645,0.050520184102023205,560.6345287179979,Medium,1
57,21626,Employed,3,16,3,5,0,47238,2975,0.1375658929066864,0.182026264681402,572.5705169703135,Medium,1
58,16467,Self-Employed,3,16,1,3,0,74694,1090,0.06619299204469545,0.3779984210845934,629.3769356895609,Medium,1
39,6134,Employed,3,6,1,1,1,177845,2906,0.47375285295076625,2.4161096619932616,348.18307792631236,High,0
28,19743,Employed,19,19,3,2,0,21786,1746,0.08843640784075368,0.09195664286076077,658.8702324874639,Medium,1
40,18434,Employed,20,14,1,0,0,45693,4309,0.23375284799826407,0.20656124552457417,669.5559835087339,Medium,1
18,13233,Employed,17,12,2,3,0,101447,1720,0.12997808509030453,0.6388511045618277,576.0715635154538,Medium,1
63,4141,Employed,17,1,1,3,0,162650,448,0.10818642839893745,3.2731626821218707,375.62786766481526,High,0
54,21019,Employed,15,18,2,4,1,182480,3012,0.1432989200247395,0.7234724138477885,479.395784766164,High,0
38,23384,Unemployed,8,12,3,1,0,74702,3504,0.1498460485802258,0.2662147907401072,626.0455867259665,Medium,1
43,39129,Employed,17,10,0,4,0,89845,1568,0.04007258043906054,0.1913435900057076,603.7106749469702,Medium,1
63,25967,Employed,21,14,3,5,0,20076,3186,0.12269418877806447,0.06442792775445758,571.4110216813649,Medium,1
53,14172,Self-Employed,1,9,2,3,1,24377,3491,0.24633079311318093,0.1433401542948537,476.83989556872706,High,0
40,19390,Employed,20,8,4,3,0,145350,2546,0.13130479628674574,0.6246776689014956,536.7627643115009,High,0
18,6267,Self-Employed,3,8,3,4,0,132368,4805,0.7667145364608265,1.7601191425987979,382.38710706877293,High,0
57,29167,Self-Employed,11,19,4,3,0,38539,4475,0.15342681797922308,0.11011017016948378,619.9821716323241,Medium,1
32,24312,Employed,6,0,4,5,0,131552,1047,0.043065153010858837,0.4509158714489415,477.77722935176047,High,0
38,30840,Employed,14,16,2,2,0,147512,4634,0.15025940337224383,0.3985948984003459,628.05317769131,Medium,1
64,21990,Employed,6,11,2,0,0,31245,4848,0.22046384720327422,0.11840609367894497,651.4399727148705,Medium,1
26,8906,Employed,28,9,0,0,0,158169,4630,0.5198742420839884,1.4799854030990343,543.8159667639793,High,0
26,20297,Employed,21,4,1,0,0,72092,4768,0.23491156328521456,0.2959879128278399,614.0513376361039,Medium,1
27,5011,Employed,25,17,3,2,0,114454,1064,0.21233286769107962,1.9033792323554846,525.3173019357414,High,0
43,14738,Employed,20,14,2,3,0,137223,3821,0.2592617722893201,0.7759024290948568,562.3344415795902,Medium,1
58,31797,Employed,16,5,3,4,0,157770,567,0.017831870931219927,0.4134824040003774,538.0512312482309,High,0
52,14120,Self-Employed,15,6,4,1,0,153673,1436,0.10169971671388102,0.9069464117091596,553.3792492917847,Medium,1
42,11767,Employed,27,16,1,3,0,162879,4510,0.3832752613240418,1.1535013172431376,544.7968896065267,High,0
43,25852,Employed,18,5,0,2,0,181374,4544,0.1757697663623704,0.5846549589973696,578.8283304966734,Medium,1
28,16703,Employed,8,7,3,5,0,144111,4705,0.28168592468418846,0.7189876070167036,478.0584326168952,High,0
55,3929,Unemployed,13,11,1,2,0,52427,2705,0.6884703486892338,1.111966573343514,505.66556375668114,High,0
19,14951,Employed,16,13,0,0,0,76839,2483,0.16607584776937998,0.42828238913785033,669.3739549194033,Medium,1
24,29039,Unemployed,4,11,3,3,1,194121,4800,0.16529494817314647,0.5570698026791556,461.7404180584731,High,0
35,32504,Employed,1,9,1,0,0,155125,4829,0.1485663302978095,0.39770746164574616,643.3095926655182,Medium,1
44,20438,Self-Employed,19,19,2,1,0,121801,3779,0.18490067521283882,0.496628013178067,653.0142381837753,Medium,1
51,8744,Employed,15,14,3,5,0,115845,4895,0.5598124428179323,1.1040427721866424,456.57994053064954,High,0
44,21284,Employed,13,6,1,0,1,91298,2794,0.13127231723360272,0.357459437449101,532.7997556850216,High,0
34,10069,Employed,13,8,0,1,0,94147,1860,0.1847253947760453,0.779181977687291,601.082033965637,Medium,1
60,22799,Employed,26,9,1,2,0,60413,3336,0.14632220711434712,0.2208174335131658,614.1922891354884,Medium,1
61,36210,Employed,0,9,2,0,0,70958,1890,0.05219552609776305,0.16330203442879498,658.9384148025407,Medium,1
41,31226,Employed,2,15,3,0,0,36275,4826,0.1545506949337091,0.09680768163282734,670.6454557099852,Medium,1
42,7652,Self-Employed,25,6,3,4,0,31597,4291,0.560768426555149,0.34410393796828714,482.06155253528493,High,0
24,27323,Unemployed,6,4,3,5,0,82521,1097,0.04014932474472056,0.2516835632983201,520.0810672327343,High,0
23,10597,Employed,25,2,2,5,0,99243,1638,0.15457204869302632,0.7804331414551288,474.6253656695291,High,0
41,9591,Employed,14,17,0,2,0,73908,1658,0.17287039933270776,0.6421645292461683,635.725680325305,Medium,1
50,28833,Employed,18,10,3,4,1,60188,1125,0.03901779211320362,0.17395576827477774,474.8805188499289,High,0
46,14826,Self-Employed,19,14,0,1,0,39710,263,0.017739106974234455,0.2232002338234633,684.479293133684,Low,1
60,29417,Employed,1,19,1,1,0,123493,2992,0.10170989563857634,0.34983456278115826,681.8047387565014,Low,1
39,21693,Unemployed,18,4,0,2,1,185122,160,0.0073756511317014705,0.7111433795848123,486.4463190891071,High,0
43,17138,Employed,8,11,0,5,1,54249,1256,0.07328743143890769,0.2637851557941417,480.37839887968255,High,0
45,5169,Employed,18,3,3,1,1,39247,4865,0.9411878506480944,0.6327303798284646,364.0936351325208,High,0
38,21556,Self-Employed,26,14,4,2,1,31408,310,0.014381146780478754,0.121420176903569,530.9890517721284,High,0
24,25052,Self-Employed,4,8,4,1,1,81313,226,0.009021235829474693,0.270480733407845,512.6886076959923,High,0
34,9313,Employed,17,6,2,3,0,10443,272,0.0292064855578224,0.09344464726726082,590.8885428970257,Medium,1
37,11315,Employed,15,9,2,0,0,135270,4412,0.38992487847989393,0.9962439239946973,568.4343791427309,Medium,1
58,11036,Unemployed,3,12,4,5,0,136151,1922,0.17415730337078653,1.0280823365953848,487.4161833997826,High,0
37,34778,Employed,11,7,1,3,0,101818,3157,0.09077577779055725,0.24397128452853337,589.4686295934212,Medium,1
39,30734,Unemployed,28,11,3,2,0,174417,2338,0.07607210255742826,0.4729208693954578,597.4960955293811,Medium,1
45,26173,Employed,6,18,3,2,1,148973,1601,0.06116990792037596,0.4743215018021116,534.2003209414282,High,0
57,33403,Self-Employed,13,0,1,3,0,178804,3718,0.11130736760171242,0.44607769761199095,539.878454031075,High,0
24,3785,Self-Employed,22,15,1,0,1,153579,2422,0.6398943196829591,3.3813077939233818,335.33421400264206,High,0
18,9139,Employed,11,16,4,0,0,86785,1925,0.21063573695152643,0.791342962395594,617.2431338220813,Medium,1
49,9344,Unemployed,2,17,2,4,0,131691,566,0.0605736301369863,1.1744702482876712,557.2629494863014,Medium,1
30,21800,Employed,4,10,1,1,0,40391,2915,0.13371559633027522,0.15439984709480123,644.6901376146789,Medium,1
47,28372,Employed,16,17,2,4,0,39171,251,0.008846750317214155,0.11505181164528408,627.0352812632173,Medium,1
40,23538,Employed,25,6,0,0,0,187802,2354,0.100008496898632,0.6648893987028068,628.1056164499958,Medium,1
36,17973,Employed,9,17,3,3,0,120019,3501,0.19479218828242365,0.556478235872327,588.2362432537695,Medium,1
49,8619,Self-Employed,9,7,4,1,0,12485,4770,0.5534284719805082,0.12071199288393858,551.3458637893027,Medium,1
47,37704,Employed,10,5,3,3,0,132628,2311,0.061293231487375345,0.2931342386307377,560.0567579036707,Medium,1
46,39575,Employed,16,6,4,4,0,115104,2115,0.053442830069488315,0.24237523689197726,539.0443461781427,High,0
62,30716,Employed,4,9,0,2,0,120427,1602,0.052155228545383514,0.3267216868515866,629.1380713634588,Medium,1
46,6236,Employed,12,10,3,3,0,95153,3270,0.5243745991019885,1.2715549497541159,470.78175112251444,High,0
47,18848,Employed,9,12,0,4,0,42748,513,0.02721774193548387,0.18900325410299942,615.393675721562,Medium,1
33,5352,Self-Employed,8,8,4,4,0,139950,441,0.08239910313901345,2.179091928251121,429.36659192825107,High,0
57,4932,Unemployed,16,6,1,4,0,138021,0,0.0,2.332066098945661,450.0760340632603,High,0
36,13913,Self-Employed,0,8,3,2,0,156953,902,0.06483145259828937,0.9400860106854501,555.8150650470782,Medium,1
35,11556,Employed,3,12,0,2,0,187378,1220,0.10557286258220838,1.3512316833967923,576.2573554863275,Medium,1
18,24300,Employed,3,2,3,2,0,92150,2321,0.09551440329218107,0.3160150891632373,559.577366255144,Medium,1
31,8498,Employed,17,2,3,1,1,94364,855,0.10061190868439633,0.9253549854867812,442.4052718286656,High,0
64,13582,Employed,8,0,3,2,1,120925,1017,0.07487851568252098,0.7419439945025279,426.4979384479458,High,0
19,12569,Employed,29,19,2,2,0,14958,2220,0.1766250298353091,0.09917256742779855,657.854642374095,Medium,1
45,7857,Employed,24,1,0,2,0,195257,4680,0.5956471935853379,2.0709452293071995,419.26562301132753,High,0
47,3340,Employed,28,2,0,3,0,144769,3504,1.0491017964071856,3.612000998003992,300.0,High,0
55,19766,Unemployed,28,14,3,2,0,92160,4550,0.23019326115551958,0.3885459880603056,599.0640493777194,Medium,1
21,29132,Employed,17,5,1,1,0,20493,195,0.006693670190855417,0.05862110394068378,640.6794933406563,Medium,1
18,11491,Employed,13,12,3,4,1,178873,4694,0.4084936036898442,1.297196356568909,373.14898616308415,High,0
25,3138,Employed,24,0,2,3,0,26199,1332,0.42447418738049714,0.6957456978967496,477.3183556405354,High,0
46,3358,Employed,14,19,4,0,0,170560,4651,1.3850506253722454,4.232678181457216,300.0,High,0
56,12714,Unemployed,5,18,2,2,0,35493,1517,0.11931728802894447,0.2326372502752871,651.7236904200093,Medium,1
20,22840,Employed,23,0,1,4,0,116545,4534,0.19851138353765324,0.4252225627553999,510.6652802101576,High,0
49,37395,Employed,9,1,3,4,0,54002,2697,0.07212194143602085,0.12034140036546775,529.1248830057494,High,0
27,33654,Employed,28,14,0,3,0,28731,4454,0.13234682355737803,0.07114310334581328,639.8497949723658,Medium,1
27,28879,Employed,14,13,3,0,1,143148,3107,0.1075868277987465,0.4130683195401503,547.3054814917414,High,0
36,18996,Employed,28,18,1,5,0,6071,1057,0.055643293324910505,0.026632799887695655,621.724836807749,Medium,1
63,29762,Self-Employed,3,10,0,1,1,104926,2705,0.09088770915933068,0.29379185986604844,551.4659633089174,Medium,0
51,16283,Self-Employed,17,14,2,5,1,132872,2063,0.1266965546889394,0.6800139204487298,443.9955782104035,High,0
50,22554,Self-Employed,17,5,4,4,0,46410,2792,0.12379178859625788,0.17147734326505276,529.8563447725459,High,0
40,23219,Employed,24,19,4,5,0,190399,420,0.01808863430810974,0.6833448181805131,561.8286747921961,Medium,1
45,37919,Self-Employed,16,8,3,4,0,99948,4648,0.12257707218017352,0.21965241699411905,552.111606318732,Medium,1
49,12429,Employed,11,4,2,5,0,197144,2814,0.22640598600048273,1.3218011639445384,443.5232118432698,High,0
24,22218,Employed,6,19,1,4,0,46041,2840,0.12782428661445674,0.17268656044648484,629.299891979476,Medium,1
46,15452,Self-Employed,15,1,4,4,1,128616,1031,0.06672275433600829,0.6936318923116749,385.37535594097847,High,0
25,21951,Employed,10,5,2,3,0,58326,1491,0.06792401257345906,0.22142499202769805,573.563618969523,Medium,1
18,4307,Employed,13,17,3,0,0,174621,4975,1.1550963547713025,3.378627815184583,363.67076851636875,High,0
20,17852,Self-Employed,2,18,0,4,0,58096,1885,0.10559041003809097,0.2711927701844798,631.0575845843603,Medium,1
41,28232,Employed,18,8,3,1,0,191650,4947,0.17522669311419667,0.5656996788514216,585.0308160952111,Medium,1
40,38428,Employed,17,5,3,1,0,182462,509,0.013245550119704382,0.39567936574025886,599.6697720412199,Medium,1
25,29485,Employed,29,13,2,2,0,182124,1859,0.06304900797015432,0.5147363065965745,616.549940647787,Medium,1
64,13238,Unemployed,9,12,4,4,0,48167,1858,0.14035352772322102,0.30321171375333633,554.9648738480133,Medium,1
54,4140,Unemployed,5,10,2,4,0,190659,913,0.22053140096618357,3.83774154589372,343.2717391304348,High,0
20,27842,Unemployed,12,11,0,4,1,66292,2065,0.07416852237626607,0.19841725929650647,504.1947417570577,High,0
50,29421,Employed,9,18,2,5,0,80419,2966,0.10081234492369397,0.22778230968809127,594.2355800278713,Medium,1
45,4708,Employed,17,18,1,4,1,178211,4889,1.038445199660153,3.1544003115264796,300.0,High,0
64,6630,Employed,25,18,3,4,0,92753,3837,0.5787330316742082,1.165824534942182,490.6025641025641,High,0
25,22595,Employed,19,12,4,1,0,146779,1596,0.07063509626023456,0.5413402670207274,609.0433724275282,Medium,1
51,13485,Employed,25,13,0,0,0,149212,4442,0.32940304041527624,0.9220862686936102,620.1464590285502,Medium,1
52,31308,Employed,15,17,3,0,0,16093,1055,0.03369745751884502,0.0428351646011669,698.3861952216686,Low,1
49,29086,Employed,24,11,2,2,0,109089,1023,0.03517156020078388,0.3125472736024204,622.0265763597607,Medium,1
41,19859,Unemployed,24,3,1,1,0,77043,3204,0.1613374288735586,0.32329170653104383,596.2420061433103,Medium,1
31,10684,Employed,5,9,2,4,0,129534,575,0.053818794459004116,1.0103425683264695,527.9211905653314,High,0
49,28552,Employed,12,16,3,0,0,141902,198,0.0069347156066124965,0.4141624638087233,674.318086298683,Medium,1
63,4207,Employed,3,3,0,3,0,166680,1365,0.324459234608985,3.301640123603518,367.9664844307107,High,0
60,4960,Unemployed,22,11,4,3,0,107865,1998,0.4028225806451613,1.8122479838709677,447.92641129032256,High,0
33,3557,Self-Employed,13,12,3,3,0,129678,1016,0.2856339612032612,3.0380938993533877,403.4382906944054,High,0
21,32689,Self-Employed,0,3,0,4,1,52287,3618,0.11067943344856068,0.13329407445929822,463.7208235186148,High,0
54,16893,Unemployed,27,9,3,4,0,38427,25,0.001479902918368555,0.18956076481382822,573.448765760966,Medium,1
38,35272,Employed,19,2,1,2,0,164467,1558,0.04417101383533681,0.38856836395252137,581.3853765026083,Medium,1
31,3882,Employed,4,14,2,2,1,134849,3724,0.9592993302421432,2.894749270135669,300.0,High,0
48,32535,Employed,7,1,4,2,0,114839,3458,0.10628553865068388,0.29414220582961936,544.5972030121408,High,0
35,15869,Employed,11,16,0,5,1,97662,3356,0.21148150482071965,0.5128552523788519,473.85090427878254,High,0
24,10166,Employed,1,5,4,3,0,22970,2367,0.2328349399960653,0.18829103547773623,535.762345071808,High,0
27,15982,Employed,11,7,4,4,1,75218,470,0.02940808409460643,0.39220164351562176,437.9389312977099,High,0
24,10269,Unemployed,4,2,4,3,0,79362,2467,0.24023760833576785,0.6440257084428863,492.52994449313474,High,0
50,31064,Unemployed,21,17,0,2,1,159443,4746,0.1527813546227144,0.4277271654219246,551.0026075199588,Medium,0
40,16527,Self-Employed,4,0,0,4,0,155338,885,0.05354873842802686,0.7832536657187229,516.5789314455134,High,0
38,5454,Self-Employed,12,15,4,1,0,155267,875,0.16043270993766043,2.3723719594181643,503.4057572423909,High,0
36,23878,Self-Employed,8,6,2,0,0,115949,941,0.03940866069185024,0.40465770444202476,630.9914984504564,Medium,1
36,15991,Employed,9,2,3,0,0,131895,3041,0.19016947032705897,0.6873397536114064,565.9392783440685,Medium,1
53,5808,Employed,0,3,4,2,0,32315,571,0.09831267217630854,0.46365645087235996,545.3830922865013,High,0
46,39593,Self-Employed,29,8,1,3,0,88804,4149,0.10479125097870835,0.18691014404903222,596.210441239613,Medium,1
35,39304,Self-Employed,2,4,4,1,1,46581,604,0.015367392631793202,0.09876221249745573,502.2301801343375,High,0
19,33386,Employed,29,18,0,4,0,181609,4420,0.13239082250044928,0.4533062760837876,616.9147247349188,Medium,1
18,6802,Unemployed,17,14,3,3,1,102357,3529,0.518817994707439,1.2540061746545135,392.5014701558365,High,0
64,31753,Employed,11,7,1,2,0,124761,4980,0.1568355745913772,0.32742575504676724,596.5341857462288,Medium,1
22,24083,Employed,28,5,3,3,1,118984,4360,0.18104056803554375,0.41171504103863027,438.5722293734169,High,0
37,21354,Self-Employed,2,17,3,2,1,97449,381,0.017842090474852485,0.3802917486185258,540.0414442259062,High,0
28,25190,Employed,25,18,1,5,0,158256,1236,0.04906709011512505,0.5235410877332275,592.6994839221913,Medium,1
59,9142,Employed,24,14,4,0,1,159351,2380,0.26033690658499237,1.4525541457011595,461.6063224677314,High,0
19,31398,Employed,28,6,4,0,0,162642,3779,0.12035798458500542,0.4316676221415377,599.6569845213071,Medium,1
20,36132,Self-Employed,29,9,4,3,0,135522,2105,0.058258607328683716,0.31256227167054135,569.2552308203254,Medium,1
40,22503,Employed,8,5,2,1,0,48030,1517,0.06741323379105008,0.1778651735324179,616.2385015331289,Medium,1
29,37631,Self-Employed,25,13,4,4,0,67245,1533,0.04073768967075018,0.14891313013207197,581.1766894315857,Medium,1
37,19499,Employed,1,16,1,2,0,191539,3294,0.16893174008923534,0.8185847137460041,610.6131083645315,Medium,1
22,11016,Employed,29,8,2,4,0,40133,3440,0.31227305737109656,0.3035962841926894,534.311456063907,High,0
54,5384,Unemployed,2,18,4,0,0,179877,3489,0.6480312035661219,2.7841289004457654,455.1885215453194,High,0
55,18072,Employed,13,4,2,1,0,48998,3945,0.21829349269588313,0.22593883724361813,590.248450641877,Medium,1
47,39703,Unemployed,3,6,1,1,0,153310,4642,0.11691811701886508,0.3217850876088289,616.6627207012065,Medium,1
26,17482,Employed,24,18,4,4,1,120603,870,0.04976547305800252,0.5748913167829768,479.5346642260611,High,0
51,24826,Unemployed,18,19,0,0,1,53245,2150,0.08660275517602513,0.17872727516850614,623.8840328687666,Medium,0
61,5490,Employed,12,6,1,4,0,28557,3232,0.5887067395264116,0.43346994535519123,493.3469945355191,High,0
52,28518,Employed,6,1,3,3,0,75474,3231,0.1132968651378077,0.22054491899852724,538.1716810435515,High,0
39,27045,Employed,11,15,3,1,0,96228,3766,0.13924939914956555,0.29650582362728783,640.4997226844149,Medium,1
61,29910,Employed,2,12,1,1,0,70074,4960,0.16583082581076564,0.1952357071213641,648.3861584754262,Medium,1
41,27566,Self-Employed,22,7,3,3,0,63204,3207,0.11633896829427556,0.19106870782848437,569.5752013349778,Medium,1
34,36905,Employed,22,5,1,0,0,161647,4493,0.12174502099986452,0.365006999954839,628.4901774827259,Medium,1
27,30103,Employed,8,5,0,1,0,156141,4487,0.14905491147061756,0.4322409726605322,611.178952263894,Medium,1
47,39188,Employed,1,8,1,5,0,160472,3826,0.09763192814126774,0.3412439182062536,547.8095335306726,High,0
63,8845,Employed,28,3,4,5,0,160218,1612,0.18224985867721877,1.509496890898813,412.560203504805,High,0
40,24162,Self-Employed,21,10,4,5,0,11846,1077,0.04457412465855475,0.040856165328477224,552.1997351212648,Medium,1
49,39674,Employed,8,4,2,2,1,176424,1300,0.032767051469476234,0.37057014669556887,483.8337450219287,High,0
34,22337,Self-Employed,11,16,3,2,0,28694,2158,0.09661100416349555,0.10704958887346853,641.9837041679724,Medium,1
34,25313,Self-Employed,11,19,3,0,0,26740,2271,0.08971674633587484,0.08803118292313568,698.9521194643069,Low,1
31,29943,Self-Employed,14,6,1,3,1,185510,2529,0.0844604749023144,0.5162864999053758,468.88755301739974,High,0
26,15413,Employed,1,14,3,4,0,35996,3260,0.21150976448452605,0.19461926079716257,572.9416726140271,Medium,1
57,3276,Self-Employed,17,14,4,0,0,68874,363,0.1108058608058608,1.751984126984127,561.5842490842491,Medium,1
19,20611,Unemployed,12,13,0,4,0,102661,845,0.040997525593129885,0.41507366616531627,605.1758769589054,Medium,1
62,14944,Self-Employed,13,12,1,0,0,111945,3032,0.20289079229122056,0.6242471895074947,638.1982735546038,Medium,1
42,18906,Employed,4,10,3,2,0,195754,1327,0.07018935787580662,0.8628389576501287,569.8069395958955,Medium,1
56,23536,Self-Employed,25,12,4,5,0,180272,3162,0.1343473827328348,0.6382846136415137,515.5812372535689,High,0
26,30810,Self-Employed,9,8,2,3,0,27970,391,0.012690684842583577,0.07565184463918641,603.9380071405387,Medium,1
39,15306,Self-Employed,11,9,3,2,0,146967,3255,0.21266170129361034,0.8001600679472103,551.4709917679342,Medium,1
60,13503,Employed,9,3,0,3,0,174143,2059,0.15248463304450863,1.0747179639092548,522.2187662001037,High,0
63,22225,Employed,23,16,0,4,1,188340,3237,0.14564679415073115,0.7061867266591676,490.1511811023622,High,0
21,39976,Self-Employed,10,13,3,0,0,158330,2046,0.05118070842505503,0.33005219798545793,659.0551831098659,Medium,1
43,14590,Employed,24,17,3,1,0,93890,4241,0.29067854694996575,0.5362691341101211,617.9424263193969,Medium,1
46,13886,Self-Employed,1,10,4,1,0,62300,1305,0.09397954774593115,0.3738777665754477,606.2897882759614,Medium,1
62,15866,Employed,4,15,3,3,0,66915,2894,0.18240262195890583,0.35145909491995464,592.024139669734,Medium,1
51,4088,Employed,29,0,2,5,0,144516,2032,0.49706457925636005,2.945939334637965,300.0,High,0
40,6363,Employed,6,6,4,5,0,80147,764,0.12006914977212006,1.0496490125202997,462.6127612761276,High,0
54,35792,Employed,5,9,1,3,0,81064,498,0.013913723737147965,0.18873863805692148,612.0060348681269,Medium,1
28,12764,Unemployed,21,8,2,2,0,71535,3368,0.2638671262926982,0.4670361955499843,570.3137731118771,Medium,1
23,23620,Unemployed,22,2,4,1,0,8760,2944,0.12464013547840813,0.03090601185436071,583.1888230313294,Medium,1
35,15935,Self-Employed,2,13,4,2,0,172956,3804,0.23871979918418576,0.9044869783495451,552.084405396925,Medium,1
38,11068,Employed,12,14,0,4,0,107715,4213,0.38064691001084205,0.8110092157571377,545.6618178532708,High,0
59,10295,Self-Employed,2,1,4,1,0,130491,4460,0.43322000971345315,1.0562651772705196,479.6376881981545,High,0
53,14390,Self-Employed,25,13,2,4,1,162094,135,0.009381514940931202,0.9386958536020384,457.5524669909659,High,0
58,23131,Employed,24,15,3,0,0,190576,1100,0.04755522891357918,0.6865822201086564,648.098439323851,Medium,1
55,32218,Employed,29,6,2,2,0,135992,1871,0.05807312682351481,0.35174953959484345,591.9262524054876,Medium,1
51,13433,Self-Employed,23,3,1,3,0,179202,4033,0.30023077495719497,1.1117025236358222,492.27015558698724,High,0
34,18038,Self-Employed,20,17,4,1,1,179953,4113,0.2280186273422774,0.8313606460435378,497.75612595631446,High,0
54,31182,Unemployed,5,4,4,2,0,67399,4012,0.1286639728048233,0.18012261347358519,563.7529664550061,Medium,1
42,14528,Employed,10,5,4,3,0,172523,204,0.014041850220264317,0.989600541483113,513.9389454845815,High,0
55,24281,Self-Employed,27,6,4,0,1,187485,4594,0.18920143321938965,0.6434557884765866,478.68848070507806,High,0
29,11605,Employed,25,14,0,1,1,67278,2371,0.20430848772081,0.4831107281344248,546.4963377854374,High,0
40,37782,Employed,16,0,0,4,0,118286,4690,0.12413318511460483,0.2608958410530588,539.4502673230638,High,0
59,4381,Employed,9,3,3,0,0,165711,561,0.12805295594613103,3.1520771513353116,430.50901620634556,High,0
39,4098,Employed,11,0,4,5,0,170693,3314,0.8086871644704734,3.4710631202212463,300.0,High,0
38,22810,Employed,16,10,1,3,0,149151,3960,0.17360806663743972,0.5449035510740903,576.4728189390618,Medium,1
44,27322,Employed,3,17,3,1,1,142967,2526,0.0924529683039309,0.4360558036258937,547.7422955859746,High,0
48,35955,Self-Employed,1,13,4,1,0,98515,2211,0.061493533583646225,0.22832939322301024,633.9210123765819,Medium,1
23,13207,Self-Employed,10,10,0,0,1,57142,2371,0.17952600893465587,0.3605537467504606,556.8236541228137,Medium,0
44,24793,Employed,6,9,1,1,0,132157,4735,0.19098132537409754,0.4442013202651286,615.4301617392006,Medium,1
57,5092,Unemployed,1,16,3,3,0,148624,2681,0.5265121759622938,2.4323121235925633,430.87981146897096,High,0
51,31220,Employed,25,3,1,0,0,97930,2806,0.08987828315182575,0.2613976083707025,628.5307495195387,Medium,1
29,21514,Employed,17,14,4,4,0,184893,3769,0.1751882495119457,0.7161731895509901,536.0070186855071,High,0
62,11549,Self-Employed,20,15,2,0,0,102812,2255,0.19525500043293792,0.7418535515340433,637.0581868560049,Medium,1
24,25031,Employed,3,12,1,0,0,169702,4410,0.17618153489672805,0.5649727671021267,644.959849786265,Medium,1
27,8185,Employed,7,8,1,4,0,75063,900,0.10995723885155773,0.7642333536957849,540.951130116066,High,0
62,18271,Employed,19,10,0,5,0,135990,1750,0.09578019812818127,0.6202451973072082,551.2916643861859,Medium,1
34,8776,Employed,13,10,4,3,0,17247,4899,0.5582269826800365,0.16377051048313582,523.1865314494075,High,0
43,15449,Self-Employed,11,5,1,5,0,22603,3295,0.2132824131011716,0.12192267029149675,532.0907502103696,High,0
38,27297,Employed,21,0,4,5,0,107099,3159,0.11572700296735905,0.3269559536456998,476.4954024251749,High,0
45,18717,Employed,20,5,0,5,0,181636,1452,0.0775765347010739,0.8086944132784812,517.1691510391622,High,0
63,13350,Employed,26,12,4,2,0,5527,1243,0.09310861423220974,0.03450062421972534,616.7569288389512,Medium,1
19,33622,Self-Employed,29,4,0,5,0,192593,2322,0.06906192374040807,0.47734866059921083,533.0716495151984,High,0
60,38323,Employed,17,14,0,2,0,10849,1670,0.04357696422513895,0.023591141960006612,673.355295775383,Medium,1
18,5951,Self-Employed,10,17,3,4,0,55314,2027,0.340615022685263,0.7745757015627626,537.6516551840027,High,0
53,20622,Employed,28,19,4,3,0,181796,1768,0.08573368247502668,0.7346361490964343,590.6337891572108,Medium,1
43,7727,Employed,27,13,2,5,0,22230,3663,0.47405202536560115,0.23974375566196454,523.72913161641,High,0
46,39469,Employed,29,14,3,1,0,97229,2302,0.05832425447819808,0.2052855827780452,650.6839544959336,Medium,1
38,38548,Employed,7,4,0,4,0,77495,1169,0.030325827539690774,0.16752922762962194,576.3091470374598,Medium,1
28,26782,Employed,1,3,2,2,0,106390,4710,0.17586438652826525,0.331037014910512,564.0340527219774,Medium,1
57,31454,Employed,24,1,1,3,1,178802,2432,0.07731925987155847,0.4737129352917488,447.298912697908,High,0
28,5368,Unemployed,14,6,1,0,0,96937,386,0.07190760059612519,1.504859041231992,571.0795454545454,Medium,1
53,18592,Employed,8,9,3,3,0,118723,2430,0.1307013769363167,0.5321419606999426,557.3873171256454,Medium,1
56,25173,Self-Employed,18,15,2,3,0,8323,3348,0.13299964247407936,0.027552668864788993,627.3868827712231,Medium,1
57,36204,Employed,19,9,4,5,0,136517,1405,0.038807866534084634,0.3142309321253637,531.489200088388,High,0
52,38596,Employed,7,17,2,5,1,87945,123,0.0031868587418385323,0.18988366670121257,503.2245569489066,High,0
51,37324,Employed,24,16,3,2,0,146035,3997,0.10708927231807952,0.3260524952666738,627.58613760583,Medium,1
64,26864,Unemployed,18,12,4,2,0,186583,3452,0.12849910661107802,0.578788837601747,579.8527769505658,Medium,1
41,33750,Employed,4,0,4,5,0,125801,3896,0.11543703703703703,0.31061975308641976,477.51037037037037,High,0
39,13576,Employed,10,0,1,5,0,151509,1624,0.11962286387743076,0.9300051561579258,469.84494696523274,High,0
22,19566,Employed,14,14,2,1,0,152927,1181,0.060359807829909025,0.6513296875532386,633.6770418072166,Medium,1
50,10190,Employed,7,0,4,1,0,86947,727,0.07134445534838077,0.7110484134772653,538.7757605495583,High,0
53,26071,Employed,18,5,3,4,0,146919,3884,0.1489777914157493,0.46961182923554906,518.9459552759771,High,0
64,18369,Employed,22,12,1,5,0,139308,3670,0.19979312972943547,0.6319886765746638,538.105503837988,High,0
37,27035,Employed,26,0,4,0,0,66897,1141,0.042204549657850934,0.20620491954873313,592.563158868134,Medium,1
36,4589,Employed,7,4,2,1,0,123636,2375,0.517541948136849,2.2451514491174547,433.18587927653084,High,0
52,28235,Self-Employed,25,8,1,2,0,18487,4031,0.14276607047990084,0.05456289475237589,619.5942978572693,Medium,1
60,3159,Employed,26,16,2,3,1,82384,358,0.1133270022158911,2.173261580668988,406.0050648939538,High,0
34,15145,Employed,29,15,2,4,0,198495,3742,0.24707824364476724,1.0921921426213272,529.8190822053483,High,0
62,18373,Employed,18,7,2,1,0,18155,2844,0.15479235835192945,0.08234456358061648,621.4842431829316,Medium,1
60,34921,Self-Employed,17,16,1,3,0,16255,4538,0.12995045960883136,0.03878993537794832,642.0785487242633,Medium,1
51,19237,Employed,9,14,4,3,0,125860,2211,0.11493476113739148,0.5452166831279999,573.4948276758331,Medium,1
26,11244,Employed,28,0,0,1,0,138051,972,0.0864461045891142,1.0231456776947705,558.2377267876201,Medium,1
43,17743,Employed,6,11,4,0,0,130596,360,0.020289691709406525,0.613368652426309,625.7631178492927,Medium,1
19,34566,Employed,27,4,1,0,0,157377,2632,0.07614418793033617,0.37941184979459586,628.097986460684,Medium,1
26,21691,Employed,8,5,0,4,0,79543,3190,0.14706560324558574,0.30559141272109785,559.0166428472638,Medium,1
26,36996,Self-Employed,0,0,0,0,1,40094,4948,0.13374418856092551,0.0903115652142574,528.5320034598335,High,0
57,8590,Self-Employed,18,0,0,4,0,171170,1624,0.1890570430733411,1.6605549088086924,447.6798603026775,High,0
34,8585,Self-Employed,4,9,3,2,1,169842,3928,0.4575422248107164,1.6486313337216074,371.1770529994176,High,0
18,12227,Employed,18,9,1,1,0,14734,1756,0.14361658624355933,0.10041983588233691,641.7408194978326,Medium,1
42,31278,Employed,0,2,3,3,1,44605,240,0.0076731248801074235,0.11884018586013599,461.948813862779,High,0
60,15237,Employed,14,16,0,4,0,82932,4761,0.31246308328411104,0.4535669751263372,585.2904114983264,Medium,1
57,18649,Employed,15,18,3,0,0,191691,975,0.052281623679553864,0.8565740790390906,652.3317604161082,Medium,1
59,10927,Employed,22,10,3,4,0,129109,4318,0.3951679326439096,0.9846328665995546,483.50187608675765,High,0
42,10016,Self-Employed,6,17,1,5,0,32881,2313,0.23093051118210864,0.27357062034078805,580.8741014376997,Medium,1
56,17027,Employed,25,1,2,4,0,199473,1305,0.07664297879837904,0.9762582956480883,487.2273448053092,High,0
52,27142,Employed,11,8,3,0,0,167249,787,0.028995652494289294,0.5134999877189104,625.7105224375507,Medium,1
20,26545,Employed,7,16,3,5,0,45122,2428,0.09146731964588435,0.141652539712438,580.5247692597476,Medium,1
54,34897,Employed,4,13,0,5,0,40297,555,0.01590394589792819,0.09622842460192375,607.3178210161332,Medium,1
61,6167,Employed,9,3,0,0,0,116513,2109,0.34198151451272907,1.5744148964920814,529.4973244689476,High,0
61,29917,Self-Employed,27,16,0,5,0,41680,4942,0.1651903599959889,0.11609898496952681,603.2112177023098,Medium,1
47,25736,Employed,20,16,4,1,0,88452,2649,0.10292974821262045,0.28640814423375816,640.4639415604601,Medium,1
55,30990,Self-Employed,4,11,3,3,1,56044,1559,0.05030655050016134,0.15070452834247608,499.92094223943207,High,0
51,17087,Self-Employed,16,19,0,1,0,180156,4235,0.24784924211388776,0.8786211739919236,642.540820506818,Medium,1
29,25440,Self-Employed,25,17,1,1,1,170261,1363,0.053577044025157235,0.5577207809224318,565.1075078616352,Medium,0
36,38205,Employed,4,2,4,0,0,149582,3959,0.10362517995026829,0.32627055795489246,587.9887449286744,Medium,1
54,18275,Employed,21,10,2,0,0,95502,589,0.03222982216142271,0.4354856361149111,650.0032831737346,Medium,1
61,8276,Employed,14,17,3,3,0,27152,1749,0.21133397776703722,0.273400998872241,603.235862735621,Medium,1
34,22008,Self-Employed,12,3,3,4,0,89738,540,0.024536532170119956,0.33979310553738035,531.6680298073428,High,0
27,8738,Employed,27,16,1,1,0,162517,2422,0.2771801327534905,1.5499065384908828,573.7439917601282,Medium,1
64,35402,Unemployed,0,17,2,5,0,137267,290,0.008191627591661489,0.32311498408752803,594.630105643749,Medium,1
29,8793,Employed,10,4,2,3,0,109533,2090,0.23768907085181395,1.0380700557261457,499.19310815421363,High,0
33,8571,Employed,22,13,4,1,0,196021,3935,0.4591062886477657,1.905855014972971,485.55594446388983,High,0
41,34331,Employed,0,9,3,4,0,30433,3958,0.11528938859922519,0.07387152524928879,566.7329818531356,Medium,1
36,19209,Employed,10,14,0,5,0,141377,3859,0.20089541360820448,0.6133279539104933,559.0928731323859,Medium,1
25,28394,Employed,17,0,1,1,0,194932,1255,0.04419947876311897,0.5721044352093165,580.3697964358668,Medium,1
48,28682,Self-Employed,17,15,1,2,0,53648,7,0.00024405550519489576,0.15587011598447342,665.6185063803082,Medium,1
38,5224,Self-Employed,20,10,1,3,0,199162,1657,0.31718989280245025,3.1770354772843286,401.31508422664626,High,0
34,35441,Self-Employed,29,19,1,0,0,47113,4578,0.12917242741457635,0.11077800664014371,712.8526283118422,Low,1
40,37716,Unemployed,25,5,0,1,0,108504,4428,0.11740375437480115,0.239739102768056,626.5272033089406,Medium,1
54,29586,Self-Employed,15,15,0,5,0,135431,1256,0.042452511322923006,0.3814613893958854,597.0180152774961,Medium,1
33,26478,Employed,12,1,4,5,0,178714,3950,0.14918045169574742,0.5624606591635823,463.3507062466954,High,0
23,9318,Self-Employed,6,0,3,3,0,38062,1039,0.11150461472418974,0.34039851184088143,526.1955355226444,High,0
25,31694,Employed,0,8,0,3,0,76633,2116,0.06676342525399129,0.2014918701752172,609.898876759008,Medium,1
42,23180,Employed,25,11,4,5,0,46604,684,0.029508196721311476,0.1675438596491228,551.4063848144953,Medium,1
35,15180,Self-Employed,15,16,2,5,0,142750,4018,0.26469038208168644,0.7836517347386912,531.2180500658761,High,0
42,36002,Employed,0,14,3,5,0,37121,1797,0.04991389367257375,0.08592346721478436,578.8549247264041,Medium,1
29,18372,Employed,16,18,0,1,0,184575,1824,0.09928151534944481,0.837211517526671,657.8535271064663,Medium,1
32,32796,Employed,5,9,2,5,0,130015,3534,0.10775704354189536,0.33036295076635364,542.2473777289913,High,0
43,27427,Employed,1,11,4,0,1,91940,62,0.002260546177124731,0.2793476015118922,547.9678783680315,High,0
58,36290,Unemployed,16,13,0,5,0,21494,260,0.0071645081289611464,0.0493570313217599,611.1788371452191,Medium,1
62,31099,Employed,5,8,0,0,0,180257,3571,0.11482684330685874,0.4830192825064043,647.2396218527927,Medium,1
43,12821,Employed,13,12,2,1,0,145750,3192,0.2489665392715077,0.9473390011179575,583.2836752203416,Medium,1
64,8832,Employed,17,2,0,3,0,173704,4953,0.5608016304347826,1.6389643719806763,434.36594202898556,High,0
49,15820,Employed,5,13,1,0,1,51235,1488,0.09405815423514538,0.26988516645596294,577.5199115044248,Medium,0
27,19211,Unemployed,9,9,0,1,0,137720,1130,0.058820467440528865,0.5974007946836014,632.0974962261205,Medium,1
33,8842,Employed,23,15,3,5,1,86213,4275,0.4834878986654603,0.8125329865038076,388.22947296991634,High,0
24,4316,Employed,17,6,2,1,0,21489,354,0.08202038924930491,0.41490963855421686,605.2629749768305,Medium,1
34,20508,Self-Employed,26,3,3,5,0,82281,2774,0.13526428710747027,0.3343451336063975,498.70757753071973,High,0
40,25005,Unemployed,8,19,4,1,0,141890,588,0.023515296940611878,0.472872092248217,653.8058388322336,Medium,1
43,18206,Self-Employed,7,10,3,3,0,113190,604,0.03317587608480721,0.5180984290893113,574.9329891244645,Medium,1
38,21971,Self-Employed,27,15,1,0,0,129613,2228,0.1014063993445906,0.4916063598986543,673.3348504847298,Medium,1
39,28599,Employed,9,19,1,3,0,169221,173,0.006049162558131403,0.49308542256722265,644.6889751389908,Medium,1
24,25056,Employed,16,3,3,2,0,163384,353,0.014088441890166028,0.5433961260110686,560.705619412516,Medium,1
31,4378,Employed,22,16,4,5,1,173196,3290,0.7514846962083143,3.2967108268615806,300.0,High,0
32,4519,Unemployed,29,12,0,0,0,109222,433,0.09581765877406506,2.01412554399941,577.6543483071476,Medium,1
24,25161,Employed,28,10,1,3,0,6316,2952,0.11732443066650769,0.020918617437038805,614.6659512737967,Medium,1
26,8355,Employed,25,2,3,0,0,65046,258,0.03087971274685817,0.6487731897067625,587.3680430879713,Medium,1
25,12083,Employed,5,8,3,2,0,83643,867,0.07175370355044278,0.5768641893569478,576.77770421253,Medium,1
40,23456,Employed,13,5,3,4,0,102504,2606,0.11110163710777626,0.36417121418826737,529.8175306957708,High,0
46,16324,Employed,21,10,0,5,0,120594,3645,0.22329086008331292,0.6156272972310708,536.2674589561382,High,0
35,5257,Unemployed,21,15,2,5,0,69042,595,0.11318242343541944,1.0944455012364467,525.7513791135628,High,0
48,30364,Employed,5,18,4,1,0,133295,393,0.012942958766960874,0.3658252096781276,656.4973323672771,Medium,1
47,27972,Self-Employed,25,4,2,5,0,159174,4431,0.15840840840840842,0.4742063492063492,502.53861003861005,High,0
56,29654,Self-Employed,6,13,4,5,0,119430,2110,0.07115397585485937,0.3356208268698995,546.324273285223,High,0
52,18233,Employed,11,16,4,3,1,130782,3864,0.2119234355289859,0.5977348763231504,468.7050951571327,High,0
35,18887,Employed,2,2,3,5,0,168029,4139,0.2191454439561603,0.7413785496196679,459.2198337480807,High,0
59,32320,Employed,13,3,1,5,0,148944,2200,0.06806930693069307,0.38403465346534654,523.7896039603961,High,0
56,23808,Employed,21,15,3,2,0,55094,3997,0.1678847446236559,0.19284134184587814,623.2833501344087,Medium,1
34,33154,Self-Employed,18,15,0,2,0,52719,3853,0.1162152379803342,0.13251040598419497,663.1035470833082,Medium,1
31,37773,Employed,22,3,4,0,0,126103,4949,0.13101951129113387,0.2782035669216989,592.585444629762,Medium,1
48,30747,Employed,15,18,1,0,0,133826,3754,0.12209321234591992,0.3627074728157761,693.586366149543,Low,1
41,13860,Employed,6,16,4,5,0,155765,4370,0.3152958152958153,0.9365379990379991,495.9722222222223,High,0
52,21156,Unemployed,7,12,4,5,0,55478,3429,0.16208167895632444,0.218527446902376,537.4385517110985,High,0
61,23360,Self-Employed,17,0,3,1,0,48677,4521,0.1935359589041096,0.17364797374429225,566.3568065068492,Medium,1
62,21135,Self-Employed,24,11,1,0,0,196084,4578,0.21660752306600425,0.773140919485845,622.6186420629288,Medium,1
51,28351,Self-Employed,12,3,1,3,0,146832,213,0.00751296250573172,0.43158971464851326,568.2030616204014,Medium,1
20,33499,Employed,20,10,4,5,0,16584,2126,0.06346458103226962,0.04125496283471149,549.908952506045,High,0
54,26554,Self-Employed,8,4,1,3,0,7106,138,0.0051969571439331175,0.022300469483568074,598.0383369737139,Medium,1
60,22604,Employed,9,1,1,5,1,149741,4193,0.18549814192178377,0.5520446233704949,389.6175455671563,High,0
57,19923,Self-Employed,20,16,3,3,0,30223,3960,0.19876524619786176,0.12641586775753316,608.5632183908046,Medium,1
43,11547,Self-Employed,22,7,2,4,0,196738,663,0.057417511041829045,1.4198348777460235,492.9198060102191,High,0
40,36002,Employed,26,5,0,3,0,40706,2832,0.07866229653908116,0.09422161731755643,599.9072273762569,Medium,1
61,17562,Self-Employed,8,8,2,0,0,197657,1073,0.061097824849106024,0.9379009604069393,606.3942033936909,Medium,1
56,10480,Unemployed,14,12,1,5,0,163554,4574,0.4364503816793893,1.3005248091603054,469.594465648855,High,0
32,29672,Employed,19,10,4,0,1,65369,4022,0.13554866540846588,0.18358778197178036,532.7188932326773,High,0
21,7213,Self-Employed,1,15,0,3,1,170215,161,0.02232080964924442,1.9665303387402375,444.3296825176765,High,0
46,13293,Employed,24,15,0,2,0,160312,1500,0.11284134506883323,1.0049900950374884,611.1596328894908,Medium,1
39,37441,Employed,12,1,4,2,0,15015,3178,0.08488021153281163,0.03341924628081515,562.8092198392137,Medium,1
42,5100,Employed,1,9,0,2,0,87164,4490,0.8803921568627451,1.4242483660130718,463.8980392156863,High,0
30,31172,Employed,18,11,4,5,0,199095,4896,0.1570640318234313,0.5322484922366226,514.2174066469909,High,0
35,23132,Unemployed,25,7,0,1,0,56500,185,0.007997579111187965,0.20354199089284686,651.8277710530866,Medium,1
50,21199,Unemployed,1,10,2,4,0,68925,4653,0.21949148544742678,0.2709443841690646,557.4043586961649,Medium,1
33,39609,Self-Employed,2,9,0,3,0,95979,1980,0.049988638945694164,0.2019301168926254,616.8855563129592,Medium,1
62,11016,Employed,5,12,3,1,0,101355,4541,0.41221859114015974,0.7667256717501816,564.5302287581699,Medium,1
59,34881,Unemployed,2,16,4,2,0,185703,3988,0.11433158453026003,0.44365843869155125,609.6607035348757,Medium,1
61,20058,Employed,9,6,0,3,0,199724,829,0.041330142586499155,0.8297769800910693,565.2537640841559,Medium,1
19,27472,Unemployed,23,2,4,1,0,187159,3519,0.1280940594059406,0.56772653368278,550.5651208503203,Medium,1
52,37926,Employed,26,19,3,0,0,59909,3511,0.0925750145019248,0.13163572922709135,695.9928545061435,Low,1
59,37832,Employed,5,12,0,2,0,16565,3328,0.08796785789807571,0.03648807006414323,657.2545728483823,Medium,1
51,39021,Self-Employed,22,18,0,1,0,32597,3348,0.08579995387099254,0.0696142248191145,705.527152046334,Low,1
47,27087,Employed,15,6,3,5,0,70623,2485,0.0917414257762026,0.21727212315871083,525.9547015173331,High,0
30,15828,Employed,16,8,3,0,0,145504,4611,0.2913191811978772,0.7660685704658411,579.0775840283042,Medium,1
30,34128,Employed,18,18,3,2,0,79300,1225,0.03589428035630567,0.1936337709017034,654.0746601031411,Medium,1
35,4401,Employed,2,12,4,4,1,96837,4851,1.1022494887525562,1.8336173596909793,300.0,High,0
49,22643,Employed,17,7,3,2,0,54314,2844,0.12560173121936138,0.19989253485256664,587.9342401625227,Medium,1
49,18193,Employed,6,17,4,5,0,46965,2733,0.15022261309294785,0.21512394877150554,564.0658495025559,Medium,1
52,29853,Employed,8,1,2,4,0,102449,4420,0.1480588215589723,0.2859818667023973,520.0740294107795,High,0
56,23307,Employed,19,17,0,4,1,72957,3996,0.17145063714763806,0.2608551079074956,518.7746170678337,High,0
63,39982,Self-Employed,11,17,0,4,0,179787,2670,0.06678005102296034,0.3747248761942874,624.5029013055874,Medium,1
46,22611,Employed,4,10,1,3,1,189522,4782,0.21148998275175798,0.6984874618548494,462.7119543584981,High,0
46,14950,Unemployed,2,0,2,3,0,197974,1498,0.10020066889632107,1.1035340022296545,491.76387959866224,High,0
61,13704,Unemployed,10,13,3,4,1,33317,1688,0.12317571511967308,0.20259899785950575,478.06297431406887,High,0
33,14867,Employed,24,15,3,0,0,124191,2447,0.16459272213627496,0.6961222842537163,633.4815362884241,Medium,1
61,5745,Self-Employed,29,10,2,4,0,71753,867,0.15091383812010445,1.0408035973310126,519.4421235857268,High,0
64,6866,Self-Employed,3,0,3,1,1,40242,4312,0.6280221380716574,0.4884212059423245,395.33207107486163,High,0
27,35245,Unemployed,4,6,1,4,1,137001,3008,0.08534543906937155,0.323925379486452,460.3230245424883,High,0
47,8818,Employed,0,15,4,3,0,111262,3524,0.3996371059197097,1.0514666969078401,513.9555454751644,High,0
42,33116,Employed,26,13,0,3,0,104806,2012,0.060756129967387364,0.2637345492611829,631.8851914482425,Medium,1
56,18493,Self-Employed,27,14,2,1,0,103724,239,0.012923809008814145,0.4674020800663314,650.4050181149624,Medium,1
37,31038,Self-Employed,28,13,0,1,0,18580,47,0.0015142728268574006,0.049885087097536356,691.8251820349249,Low,1
22,23447,Self-Employed,17,10,4,2,0,109134,4049,0.17268733739924083,0.3878747814219303,576.0050326267752,Medium,1
18,33431,Employed,11,15,2,0,1,100967,3457,0.10340701743890401,0.25168007737329623,577.4903532649338,Medium,0
47,20908,Unemployed,12,18,4,0,0,25742,3279,0.15682992156112494,0.10260028059434985,675.0243925770039,Medium,1
20,32336,Unemployed,8,16,3,0,0,22833,3228,0.09982681840672934,0.05884308510638298,684.4901966848095,Low,1
62,7025,Employed,1,5,3,5,0,101421,1248,0.17765124555160142,1.2030960854092527,451.4960854092527,High,0
31,23093,Employed,4,10,3,3,0,76347,1167,0.05053479409344823,0.2755055644567618,587.4054908413805,Medium,1
47,9155,Employed,12,16,4,0,0,79155,3490,0.3812124522119061,0.7205079191698526,601.0240305843801,Medium,1
21,36487,Self-Employed,15,8,4,2,0,94791,4970,0.13621289774440212,0.21649491599747855,580.664757310823,Medium,1
35,23963,Self-Employed,15,17,4,2,0,149599,1897,0.0791637107206944,0.520243013534755,614.2857739014314,Medium,1
54,23936,Self-Employed,23,16,0,0,0,194211,3536,0.14772727272727273,0.6761468081550802,671.7039187834224,Medium,1
42,7426,Employed,2,11,4,1,0,119527,2179,0.29342849447885805,1.3413120567375887,529.3098572582817,High,0
18,26303,Employed,21,4,3,2,0,46057,4720,0.17944721134471353,0.14591808285493416,569.7112496673384,Medium,1
63,30606,Employed,3,10,1,1,1,49261,1970,0.06436646409200811,0.13412675074604108,554.2284192641965,Medium,0
32,31151,Employed,10,3,4,3,0,136114,4696,0.1507495746524991,0.36412421217082386,525.0625983114506,High,0
26,16767,Self-Employed,22,3,1,5,0,27769,2720,0.16222341504145046,0.1380141547881752,527.2523409077354,High,0
32,14308,Unemployed,25,2,3,2,0,27449,2381,0.1664103997763489,0.15986976982573853,560.4385658372938,Medium,1
41,27770,Unemployed,13,16,4,1,0,174725,1943,0.06996759092545912,0.5243218101068299,630.1445804825352,Medium,1
21,31572,Unemployed,28,6,0,0,0,164931,3146,0.09964525528949703,0.4353303560116559,641.922748004561,Medium,1
29,5204,Employed,2,3,0,3,0,144648,3483,0.6692928516525749,2.316295157571099,385.70714834742506,High,0
54,30233,Employed,15,12,1,4,0,181946,3696,0.12225052095392452,0.5015104907441096,575.2393080408825,Medium,1
54,24729,Self-Employed,21,11,0,4,0,41345,2825,0.11423834364511302,0.1393269710326607,602.9317805006268,Medium,1
60,34131,Unemployed,14,0,0,0,0,122926,1827,0.05352904983739123,0.3001328215796002,625.5685447247371,Medium,1
23,36870,Employed,27,18,0,3,1,129576,222,0.006021155410903174,0.2928668294005967,561.7054515866558,Medium,0
56,24607,Employed,9,19,3,3,0,74428,1746,0.07095541918966147,0.25205564812180814,631.3620108099321,Medium,1
63,27968,Employed,8,17,0,3,1,9321,529,0.018914473684210526,0.027772811784897024,571.0638944508008,Medium,0
41,36398,Self-Employed,10,10,2,3,0,10776,133,0.0036540469256552558,0.024671685257431727,618.0812132534755,Medium,1
28,14908,Employed,15,19,4,4,0,21119,3803,0.2550979339951704,0.11805182899561757,587.3051381808425,Medium,1
30,29423,Employed,9,2,0,1,0,166641,4486,0.1524657580804133,0.4719692077626347,593.3859565645923,Medium,1
51,12171,Employed,16,16,0,3,0,135078,101,0.008298414263413031,0.9248623777832553,613.512447621395,Medium,1
42,15721,Employed,18,11,0,1,0,174668,3723,0.23681699637427645,0.9258740962194941,601.0295146619171,Medium,1
24,19616,Unemployed,1,9,2,3,0,57967,2728,0.13907014681892332,0.2462573069603045,583.5361439641109,Medium,1
21,10659,Employed,23,7,0,2,0,169135,2545,0.2387653626043719,1.3223176032773556,537.0091002908341,High,0
25,14704,Self-Employed,22,14,0,5,0,158412,2558,0.17396626768226334,0.8977829162132753,545.2570729053319,High,0
37,35793,Self-Employed,1,4,4,2,1,80723,3041,0.08496074651468165,0.18793944812300356,468.52834353085797,High,0
46,34226,Unemployed,5,3,2,5,0,191502,2000,0.05843510781277392,0.4662683340150763,510.0116870215625,High,0
62,26852,Employed,18,19,2,2,0,117620,948,0.03530463280202592,0.3650255722727047,658.8619097273946,Medium,1
63,35082,Unemployed,7,18,0,3,0,142740,1568,0.04469528533150904,0.33906276723105866,654.2927997263554,Medium,1
27,25794,Employed,25,3,2,1,0,85880,4936,0.19136233232534697,0.27745470522860616,585.389237807242,Medium,1
60,16379,Unemployed,28,14,1,5,0,13195,2053,0.1253434275596801,0.06713372814783157,590.9307650039685,Medium,1
51,10006,Unemployed,2,16,2,4,0,107658,3005,0.3003198081151309,0.8966120327803317,540.1649010593644,High,0
43,11682,Employed,25,11,2,0,0,62995,193,0.016521143639787707,0.4493736803058837,656.0550419448724,Medium,1
58,36840,Employed,13,2,2,5,0,135112,741,0.02011400651465798,0.30562794064422727,519.2486427795874,High,0
20,35430,Employed,24,9,3,5,0,43250,3906,0.11024555461473327,0.1017264088813623,545.6669489133502,High,0
23,26091,Employed,15,14,3,4,0,152148,2959,0.11341075466636005,0.4859530106166877,567.2335288030355,Medium,1
22,35983,Employed,0,9,3,3,1,20376,4568,0.12694883695078232,0.04718895033765945,486.93480254564656,High,0
22,26989,Employed,20,17,2,2,0,191911,2263,0.08384897550854052,0.5925593142885373,629.3845640816628,Medium,1
64,12915,Employed,2,0,1,2,0,69723,3420,0.26480836236933797,0.44988385598141695,541.2299651567945,High,0
40,21990,Employed,21,2,2,1,1,48442,2923,0.13292405638926785,0.18357586781870547,493.03456116416555,High,0
26,27734,Employed,25,11,0,3,0,10392,3254,0.11732891036273166,0.03122521093242951,629.0470181005264,Medium,1
52,17824,Employed,17,0,1,4,0,163178,3239,0.18172127468581686,0.7629133004189108,492.4186490125673,High,0
37,39081,Employed,8,2,3,3,0,29809,3865,0.09889716230393286,0.06356243016640652,554.3185947135436,Medium,1
59,14033,Employed,5,2,4,3,0,120095,37,0.0026366422005273285,0.7131701465593007,516.8933941423787,High,0
52,19241,Employed,22,4,1,2,1,136765,1698,0.08824905150459955,0.5923332120645151,473.87012109557713,High,0
35,8939,Employed,20,18,3,4,0,104473,4566,0.5107953909833315,0.9739437670134616,510.2679270611925,High,0
34,38063,Unemployed,24,0,1,0,0,99769,4026,0.10577200956309277,0.2184295334927182,614.2015868428657,Medium,1
41,37464,Employed,0,3,1,5,0,195893,3213,0.08576233183856502,0.43573608441881984,518.564355114243,High,0
20,14185,Employed,20,3,2,2,1,79710,1783,0.1256961579132887,0.46827634825519915,461.8198801550934,High,0
49,30045,Employed,26,16,0,4,0,16352,1966,0.06543518056248959,0.045354190935818495,639.4265268763521,Medium,1
52,22167,Self-Employed,9,13,4,1,0,188268,102,0.004601434564893761,0.7077637930256688,611.9820002706726,Medium,1
55,39412,Unemployed,26,17,3,5,1,141064,41,0.0010402922967624074,0.29826787103758584,486.9790926621334,High,0
30,24625,Unemployed,5,0,1,5,0,58076,2994,0.12158375634517767,0.1965346869712352,513.6178680203045,High,0
64,30076,Self-Employed,22,15,4,2,0,28354,3218,0.1069956111184998,0.0785620871569801,627.4468014363612,Medium,1
42,22029,Employed,11,2,1,1,0,139384,2990,0.13573017386172773,0.5272746531087809,582.0758999500658,Medium,1
26,25973,Employed,3,8,0,2,0,50833,4288,0.16509452123358873,0.1630956506115325,620.4029184152773,Medium,1
21,34433,Employed,27,3,4,3,0,9318,3369,0.09784218627479453,0.02255104115238289,551.9058751778817,Medium,1
31,4932,Unemployed,12,4,3,4,0,117363,1061,0.2151257096512571,1.9830190592051906,415.2037712895377,High,0
54,4757,Self-Employed,16,10,1,1,0,104992,2549,0.53584191717469,1.839254432065027,495.34370401513553,High,0
51,33722,Self-Employed,26,8,0,5,0,71003,1676,0.04970049226024554,0.17546161753948955,573.5082438764011,Medium,1
28,4116,Employed,7,2,4,2,0,163264,3689,0.8962585034013606,3.305474570780693,300.0,High,0
58,14691,Self-Employed,25,5,1,5,0,112841,3997,0.2720713361922265,0.6400800943888548,493.94663399360155,High,0
20,3492,Employed,19,10,1,1,0,105726,325,0.09306987399770905,2.5230526918671248,507.4484536082474,High,0
45,30882,Employed,2,8,3,5,1,94199,1120,0.03626708114759407,0.2541906828141528,440.3965092934395,High,0
46,11811,Employed,11,14,0,2,0,124195,107,0.009059351452036237,0.8762664747551717,626.3368893404454,Medium,1
26,30808,Employed,6,2,2,2,1,173561,2678,0.08692547390288237,0.4694695100839609,461.4007725266165,High,0
20,27272,Employed,11,0,1,0,0,112507,334,0.012246993253153418,0.3437805563703921,617.9035274273981,Medium,1
42,31399,Unemployed,1,19,4,5,0,176381,2039,0.06493837383356157,0.4681173498094419,569.1203541514061,Medium,1
51,9474,Employed,23,18,3,0,0,113173,803,0.08475828583491661,0.9954700584054605,640.1008021954823,Medium,1
29,29956,Employed,13,13,3,0,0,33273,1848,0.06169047936974229,0.09256075577513687,672.0434971291227,Medium,1
59,16979,Employed,21,16,1,5,0,183625,766,0.045114553271688555,0.9012358403518071,560.5121031862889,Medium,1
26,31328,Employed,22,13,1,1,0,34473,3527,0.11258299284984678,0.09169911899897855,665.9880937180797,Medium,1
32,15867,Self-Employed,29,16,1,3,1,66410,2306,0.14533308123778912,0.3487846893972816,521.6329488876283,High,0
57,28851,Self-Employed,4,13,2,2,0,133536,2829,0.09805552667151919,0.3857058680808291,620.0909847145679,Medium,1
42,34279,Self-Employed,8,11,1,4,0,149751,1488,0.043408500831412816,0.36404941801102714,587.9480148195688,Medium,1
22,33527,Unemployed,20,15,0,0,1,97981,4129,0.12315447251468965,0.2435375468527853,595.6092104870702,Medium,0
28,10866,Self-Employed,10,0,4,1,1,50310,3566,0.3281796429228787,0.3858365543898399,427.46824958586416,High,0
51,18449,Employed,4,12,1,5,1,88406,2373,0.12862485771586535,0.39932607006703164,460.60545287007426,High,0
41,13685,Self-Employed,2,5,2,1,0,196755,836,0.06108878333942273,1.198118377785897,555.7822433321154,Medium,1
32,26544,Employed,26,16,4,1,0,117765,3309,0.1246609403254973,0.36971632007233274,632.8577079566004,Medium,1
55,8451,Employed,16,11,3,5,0,30992,3612,0.42740504082357117,0.30560485938547705,505.3751035380428,High,0
25,24642,Employed,1,18,1,4,0,34433,4834,0.19616914211508807,0.11644414684955226,619.4730541352162,Medium,1
22,34030,Self-Employed,23,5,4,5,0,30933,2791,0.0820158683514546,0.0757493388186894,520.6131354687041,High,0
43,33873,Self-Employed,0,6,3,4,0,181092,4212,0.12434682490479143,0.44551707849909955,528.3473563014791,High,0
35,3619,Employed,6,0,2,5,0,165308,3983,1.1005802707930368,3.806484295845998,300.0,High,0
23,36650,Self-Employed,29,0,0,0,0,194807,3768,0.10281036834924966,0.44294452023647113,611.0860845839018,Medium,1
54,28372,Unemployed,13,4,1,4,0,145842,1504,0.053010009868884815,0.4283624700408854,547.9370506132807,High,0
30,6642,Employed,4,5,0,0,0,74285,2450,0.3688647997591087,0.9320109404797752,574.8155676001204,Medium,1
45,31001,Employed,18,15,2,4,0,115121,3044,0.09819038095545304,0.3094550713417847,594.6498500048385,Medium,1
22,37064,Self-Employed,27,15,4,4,0,127747,2033,0.05485106842218865,0.2872216526368804,581.1845726311245,Medium,1
30,32290,Employed,27,13,4,5,0,171343,1699,0.05261690925983276,0.44219830700939405,542.1540724682565,High,0
34,17122,Self-Employed,10,0,2,4,0,116682,2280,0.1331620137834365,0.5678951057119496,499.9468520032707,High,0
57,27820,Employed,22,12,2,0,0,28439,1307,0.04698058950395399,0.0851875149772346,679.2510783608914,Medium,1
62,5895,Employed,24,19,1,5,0,100826,2527,0.42866836301950806,1.4253039298840826,498.04156064461415,High,0
49,8366,Self-Employed,1,9,3,2,0,147173,3838,0.45876165431508487,1.465983345286477,481.9896007650012,High,0
46,11711,Self-Employed,7,9,0,0,1,97776,975,0.0832550593459141,0.6957561267184699,543.2640252753821,High,0
20,22596,Self-Employed,8,8,0,2,0,124070,2056,0.09098955567357055,0.45756623591196083,611.6272791644539,Medium,1
57,21793,Unemployed,26,12,4,1,0,180989,4810,0.22071307300509338,0.6920762018385108,581.9898591290782,Medium,1
51,11199,Self-Employed,2,2,4,5,0,97345,2426,0.21662648450754532,0.7243578295681162,450.5433520850076,High,0
57,13717,Self-Employed,1,17,1,1,0,117923,3674,0.2678428227746592,0.7164042186095113,629.8746081504702,Medium,1
44,39191,Employed,6,19,2,5,0,88459,2428,0.061952999413130566,0.18809378003453173,606.2800132683525,Medium,1
30,13211,Employed,4,1,0,5,0,177268,4939,0.37385512073272276,1.1181843413317185,443.04632503217016,High,0
62,26360,Employed,20,16,1,0,0,159641,3733,0.14161608497723824,0.5046819676277188,672.7251517450683,Medium,1
50,24542,Self-Employed,25,18,4,2,0,124598,359,0.014627984679325239,0.4230774454676337,632.859995110423,Medium,1
23,34312,Employed,4,12,4,5,0,177959,2223,0.06478782933084636,0.43220787673894456,536.2929878759618,High,0
41,39435,Employed,19,12,0,2,0,156965,484,0.012273361227336122,0.3316956172604708,648.6254596170915,Medium,1
36,31247,Employed,12,0,4,5,0,92971,1428,0.04570038723717477,0.24794646952774133,489.63916535987454,High,0
33,25357,Self-Employed,20,1,4,2,0,191376,2080,0.08202863114721773,0.6289387545845329,527.4202389872619,High,0
57,30691,Unemployed,28,0,3,1,0,128299,695,0.022645075103450523,0.34836216914839313,576.3808608386825,Medium,1
45,15424,Employed,19,4,2,0,0,168471,4660,0.3021265560165975,0.9102210840248963,559.1315482365146,Medium,1
50,21852,Unemployed,28,2,4,5,0,30236,201,0.009198242723778144,0.11530599792543779,511.97785099762035,High,0
58,25601,Employed,5,6,3,3,0,119679,3857,0.15065817741494472,0.38956486074762703,548.5471270653491,High,0
30,21020,Employed,19,12,1,2,0,185603,1198,0.05699333967649857,0.7358190612115446,609.0116555661275,Medium,1
60,11155,Unemployed,17,17,4,2,0,85570,1267,0.11358135365307037,0.6392499626475422,603.0152398027791,Medium,1
62,6583,Employed,24,6,1,3,0,101621,2970,0.4511620841561598,1.286406906678819,478.6761355005317,High,0
42,18515,Unemployed,1,0,4,0,0,14442,73,0.003942749122333243,0.06500135025654874,605.626789089927,Medium,1
59,39777,Employed,24,4,0,2,0,61437,95,0.0023883148553184,0.12871131558438292,621.9907232822989,Medium,1
53,22710,Employed,25,16,3,0,0,196414,4268,0.18793483047115808,0.720732423308381,634.2038749449581,Medium,1
44,27532,Unemployed,5,7,3,2,1,83179,3477,0.12628940868807206,0.25176461329846483,484.73939415952344,High,0
55,21601,Employed,8,14,0,4,0,171141,2202,0.1019397250127309,0.6602356372390167,588.1530947641313,Medium,1
24,7967,Unemployed,24,19,2,2,0,174632,257,0.03225806451612903,1.8266181331325049,571.5319442701142,Medium,1
22,21753,Unemployed,2,3,3,4,0,194142,3658,0.16816071346480946,0.7437364961154783,490.19652461729413,High,0
60,23022,Employed,0,1,1,5,0,178499,4425,0.19220745373990097,0.6461174818289752,483.1680566414734,High,0
62,12135,Employed,0,4,3,0,1,130608,2806,0.23123197362999587,0.8969097651421508,458.4375772558714,High,0
48,8722,Employed,18,0,2,2,0,196568,4256,0.48796147672552165,1.8780860658870289,418.75945883971565,High,0
40,30413,Employed,4,4,1,1,0,69557,185,0.0060829250649393355,0.19059009853242584,627.8346430802618,Medium,1
59,30236,Employed,12,5,1,1,0,77752,142,0.0046963884111654985,0.21429201393482383,631.5789125545707,Medium,1
27,18514,Employed,18,1,0,3,0,53534,3353,0.1811061899103381,0.2409617946779014,558.8095495300854,Medium,1
49,23331,Employed,11,0,4,1,0,109303,639,0.027388453131027387,0.39040689783264043,563.2889717543183,Medium,1
60,21060,Employed,15,3,0,4,0,164002,3749,0.17801519468186136,0.6489474517252295,524.7013295346629,High,0
47,4196,Unemployed,24,6,4,1,0,128295,2074,0.494280266920877,2.5479623450905624,407.808627264061,High,0
56,15297,Self-Employed,24,0,0,1,0,120287,3968,0.25939726743805974,0.6552864396068946,559.5551415310191,Medium,1
48,5787,Self-Employed,18,0,4,1,1,12288,201,0.03473302229134267,0.1769483324693278,475.2151373768792,High,0
35,26816,Employed,2,7,3,2,0,114570,3092,0.11530429594272076,0.3560374403341289,579.8012380668257,Medium,1
53,22702,Self-Employed,11,19,1,3,0,100547,3165,0.13941502951281826,0.3690827533550642,636.1252312571579,Medium,1
19,28242,Employed,29,15,4,0,1,86122,3079,0.10902202393598187,0.2541191605882492,556.6702074923872,Medium,0
31,5176,Self-Employed,4,12,3,3,0,197590,4567,0.8823415765069552,3.1811888201957754,323.2476816074189,High,0
30,23127,Unemployed,1,17,2,4,1,37400,2102,0.09088943658926796,0.13476311958605383,516.0074804341247,High,0
46,30228,Employed,21,19,0,2,0,127609,910,0.030104538838163292,0.35179579639186626,680.2797075559084,Low,1
29,23208,Self-Employed,6,9,2,5,0,137639,1571,0.06769217511203034,0.4942225382052166,537.2235866942434,High,0
56,31482,Self-Employed,12,11,3,2,0,52878,3448,0.10952290197573217,0.13996887110094658,613.4591194968554,Medium,1
19,12171,Unemployed,24,0,2,1,0,53850,2159,0.177388875195136,0.3687042970996631,566.591077150604,Medium,1
49,38219,Self-Employed,14,9,2,1,0,137166,4325,0.11316360972291269,0.2990789921243361,623.4756273057903,Medium,1
30,36396,Employed,21,8,3,4,0,147207,2544,0.06989779096604022,0.33704940103308056,551.3893010220903,Medium,1
63,6696,Employed,2,2,1,5,0,84044,1329,0.19847670250896057,1.04594782954998,463.42592592592587,High,0
44,23058,Employed,27,18,4,2,0,50113,3613,0.15669182062624687,0.18111212305201377,630.3302541417295,Medium,1
58,23313,Self-Employed,20,8,0,5,0,63791,460,0.01973148028996697,0.2280237063726962,573.9507999828421,Medium,1
34,22149,Employed,19,9,4,0,0,14684,806,0.03638990473610547,0.05524703899348353,647.3183890920583,Medium,1
57,7956,Unemployed,4,18,0,3,1,97783,3699,0.4649321266968326,1.0242060499413441,462.75578179989947,High,0
48,13195,Employed,23,15,4,2,0,76727,2273,0.1722622205380826,0.4845711759504863,595.2542629784009,Medium,1
51,20076,Employed,7,17,2,5,0,88378,58,0.0028890217174736004,0.366847645613336,592.642458657103,Medium,1
41,4105,Employed,21,13,1,0,0,63552,2475,0.6029232643118149,1.2901339829476248,555.2411693057247,Medium,1
62,18417,Self-Employed,0,2,2,0,1,144118,4823,0.26187761307487645,0.6521058442381134,469.448335776728,High,0
52,27729,Employed,7,1,1,3,1,9934,1155,0.041653142918965706,0.029854424369192303,478.21035738757257,High,0
23,33099,Employed,23,0,3,0,0,195628,497,0.015015559382458684,0.4925325034996022,588.6461826641289,Medium,1
36,35598,Employed,17,17,0,4,1,182878,4325,0.12149558963986741,0.4281092570743675,514.7339738187538,High,0
47,32961,Employed,19,8,0,0,0,6354,4428,0.13434058432693183,0.016064439792482024,672.9152634932193,Medium,1
24,15602,Employed,27,12,3,5,1,109777,3976,0.2548391231893347,0.5863404264410546,414.23887963081654,High,0
27,12256,Self-Employed,15,1,4,4,0,100352,1607,0.13111945169712794,0.6823324630113142,478.32571801566576,High,0
58,23584,Employed,17,6,3,0,0,58046,720,0.030529172320217096,0.20510374265038445,634.0302747625508,Medium,1
49,37681,Employed,19,15,3,1,0,116098,1274,0.033810143042912875,0.25675627858425554,655.5374061197952,Medium,1
51,28792,Self-Employed,11,18,1,0,0,70064,3867,0.13430814115031953,0.20278781142910068,701.7157543762156,Low,1
45,24904,Unemployed,12,14,3,4,0,62184,690,0.027706392547381945,0.2080790234500482,594.1904914873113,Medium,1
32,37540,Self-Employed,12,10,0,0,0,139035,4023,0.10716568993074055,0.3086374533830581,668.6218700053277,Medium,1
47,29536,Employed,9,0,2,0,1,32424,4152,0.1405742145178765,0.0914815817984832,507.64219934994577,High,0
54,22164,Unemployed,6,6,1,0,0,139114,3437,0.1550712867713409,0.523047885459905,620.0085724598448,Medium,1
46,15996,Unemployed,24,19,1,4,0,12139,2355,0.14722430607651912,0.06323976827540219,633.5386971742936,Medium,1
39,5871,Self-Employed,13,7,4,0,0,16226,749,0.12757622210866973,0.23031283710895362,615.8720831204224,Medium,1
21,25626,Employed,29,9,2,3,0,110234,3051,0.11905876843830485,0.3584705637503577,579.204713962382,Medium,1
37,13521,Employed,23,4,1,5,0,88652,4773,0.3530064344353228,0.5463846362448537,484.85614969307005,High,0
49,4132,Self-Employed,15,8,3,3,0,174180,3564,0.8625363020329139,3.5128267182962247,300.0,High,0
53,36467,Employed,14,0,1,4,0,75647,4655,0.12764965585323718,0.17286633577389604,534.3100611511778,High,0
21,17534,Employed,11,1,1,1,0,73617,1704,0.09718261663054636,0.34987738108817157,592.3454431390442,Medium,1
44,26854,Self-Employed,8,18,1,3,0,165887,3445,0.12828628882103224,0.5147805416945954,623.7188128398004,Medium,1
34,10812,Self-Employed,7,13,4,5,1,143874,4444,0.4110247872733999,1.108906770255272,359.1426193118757,High,0
29,7557,Employed,17,19,1,2,0,178302,2377,0.31454280799258966,1.9661902871509858,539.2834458118301,High,0
39,5179,Self-Employed,22,9,1,5,1,199444,3231,0.6238656111218381,3.2091780910085603,300.0,High,0
34,12065,Employed,17,8,4,3,0,190092,2215,0.18358889349357646,1.3129714048901782,489.19104848736015,High,0
27,11275,Employed,12,9,2,2,0,153537,885,0.07849223946784922,1.134789356984479,557.4935698447894,Medium,1
18,38948,Self-Employed,27,5,0,4,1,144066,864,0.02218342405258293,0.30824432576769023,473.84332956762864,High,0
39,23700,Employed,26,16,4,5,0,8531,3494,0.14742616033755274,0.02999648382559775,570.5090717299578,Medium,1
43,30794,Employed,17,5,4,1,0,145415,3054,0.09917516399298565,0.39351551167976445,579.4880496200559,Medium,1
35,31783,Unemployed,14,3,1,2,0,195138,785,0.02469873831922726,0.5116414435389989,581.3376647893527,Medium,1
31,19998,Employed,3,19,1,2,0,142301,456,0.022802280228022803,0.592980131346468,656.6849184918492,Medium,1
64,16869,Employed,16,2,0,5,0,99311,344,0.020392435829035507,0.4905991266030391,528.1169601043334,High,0
46,31152,Unemployed,4,18,1,3,0,87124,553,0.01775166923472008,0.23306154768019174,653.8861068310221,Medium,1
29,23954,Self-Employed,21,17,3,2,1,180861,787,0.032854638056274525,0.6291955414544543,523.3057109459797,High,0
53,34555,Self-Employed,15,3,1,4,0,49069,1819,0.05264071769642599,0.1183355037862345,561.5829836492549,Medium,1
52,19654,Unemployed,8,7,1,5,0,145596,704,0.03581968047216851,0.6173298056375293,533.6618500050881,High,0
29,38236,Employed,9,16,3,4,0,126907,4907,0.12833455382362172,0.27658707326428844,588.0046291453082,Medium,1
24,18042,Self-Employed,23,4,0,5,0,93074,952,0.052765768761778076,0.4298950596755718,537.8744041680524,High,0
46,28966,Employed,17,12,3,4,1,113345,814,0.028101912587171166,0.32608633110083085,477.0625906234896,High,0
28,17270,Self-Employed,16,0,4,3,0,199175,1548,0.08963520555877244,0.9610837676124301,481.5787492762015,High,0
50,33908,Employed,17,12,3,5,0,144175,143,0.004217293853957768,0.3543288702764343,558.234192520939,Medium,1
23,18523,Self-Employed,6,3,2,1,1,194653,2777,0.14992171894401554,0.8757265741690511,454.46579927657507,High,0
64,22991,Employed,3,13,4,3,0,59203,3766,0.16380322734983255,0.21458759224624127,582.4683571832455,Medium,1
32,13775,Employed,25,2,1,4,0,151162,4958,0.3599274047186933,0.9144706594071386,471.94047186932846,High,0
49,15265,Self-Employed,4,4,4,5,0,20915,3825,0.25057320668195215,0.1141773119336172,493.0805764821487,High,0
28,22459,Self-Employed,27,6,0,3,0,46477,1216,0.054143105213945414,0.17245128159460943,603.15575047865,Medium,1
40,19673,Self-Employed,22,0,0,4,0,193059,1807,0.09185177654653587,0.8177832562395161,509.91079144004476,High,0
43,30056,Employed,15,11,3,0,0,189310,4470,0.14872238488155443,0.5248813326235472,625.6604338568006,Medium,1
51,9614,Employed,2,10,4,0,0,121740,4772,0.4963594757645101,1.0552319534012897,537.1229457041815,High,0
63,39020,Self-Employed,25,7,1,2,0,127217,2739,0.07019477191184008,0.2716918674184179,610.2751153254742,Medium,1
51,10415,Self-Employed,17,5,0,1,0,151101,1289,0.12376380220835334,1.2090014402304368,567.6082573211714,Medium,1
46,26155,Self-Employed,28,1,1,0,0,94067,555,0.021219652074173197,0.2997100618109985,624.4710380424393,Medium,1
21,19964,Unemployed,22,18,2,4,0,58520,862,0.04317771989581246,0.2442730247779336,620.1622921258265,Medium,1
34,35252,Self-Employed,20,19,0,3,1,75053,2485,0.0704924543288324,0.17742019365331518,565.8956938613412,Medium,0
52,6832,Employed,13,19,3,5,0,56464,4976,0.7283372365339579,0.6887197501951601,486.2763466042155,High,0
30,28275,Self-Employed,14,13,2,3,0,158033,2355,0.08328912466843501,0.4657618626584144,597.0595932802829,Medium,1
58,17901,Unemployed,16,0,4,2,0,162907,965,0.05390760292721077,0.7583701096772992,518.0288810680968,High,0
56,37148,Self-Employed,0,9,1,3,0,163797,2395,0.06447184236028858,0.367442392591795,595.2168353612577,Medium,1
32,25918,Self-Employed,24,15,0,0,0,30357,475,0.018327031406744347,0.09760591094991898,716.9444015741956,Low,1
46,22540,Self-Employed,20,3,2,3,0,137316,1338,0.05936113575865129,0.5076752440106478,547.416149068323,High,0
46,14580,Employed,16,10,2,0,0,72952,524,0.035939643347050756,0.41696387745770463,650.6694101508917,Medium,1
28,27917,Employed,22,15,0,0,0,53061,2571,0.09209442275316115,0.15838915356234554,704.4453200558798,Low,1
49,25318,Employed,24,19,4,1,0,11490,561,0.02215814835295047,0.037818943044474286,680.0718856149775,Low,1
19,13179,Unemployed,10,0,4,2,0,82219,3702,0.2809014340997041,0.519886435490806,505.0986417785872,High,0
64,15251,Self-Employed,16,15,3,4,0,131305,4664,0.30581601206478265,0.71746661421109,535.2540816995607,High,0
31,22493,Employed,25,18,4,0,0,10839,1205,0.053572222469212644,0.040156937713955454,691.1619170408571,Low,1
37,23466,Unemployed,13,8,3,5,0,29992,4033,0.17186567800221597,0.1065087076337396,532.9855961817096,High,0
39,33206,Employed,28,8,2,2,0,118154,3847,0.11585255676684937,0.2965176976048505,598.3066313316871,Medium,1
28,22624,Employed,19,8,0,4,0,181010,4201,0.18568776520509195,0.6667329679396511,547.7134900990098,High,0
44,29564,Self-Employed,29,16,4,5,0,61249,2238,0.07570017588959545,0.17264522166599017,570.5572655932891,Medium,1
20,25412,Self-Employed,18,11,3,3,0,180807,1160,0.045647725484023294,0.5929186998268534,573.947150952306,Medium,1
34,30990,Employed,20,12,2,2,0,108313,4795,0.15472733139722492,0.29125793266645156,613.957244272346,Medium,1
61,38517,Employed,6,7,4,5,1,55734,3825,0.09930679959498404,0.12058311914219695,425.8481969000701,High,0
45,16156,Employed,23,15,1,2,0,183152,71,0.004394652141619213,0.944705785260378,617.7902946273831,Medium,1
46,26064,Employed,12,17,2,2,0,130626,754,0.02892879066912216,0.4176450276243094,646.4698434622468,Medium,1
38,28711,Employed,17,0,4,3,0,29260,3852,0.13416460590017762,0.0849267992523191,528.8046393368395,High,0
64,33106,Employed,22,0,2,3,0,195679,904,0.02730622847822147,0.4925567369459715,537.1698483658552,High,0
33,19589,Employed,29,11,0,2,0,66852,51,0.0026035019653887384,0.28439430292511103,647.6239215886467,Medium,1
54,26736,Employed,13,5,0,5,0,33380,2621,0.09803261520047876,0.10404199082385797,556.9935667265111,Medium,1
37,23975,Employed,0,8,0,1,0,76257,3190,0.13305526590198122,0.26505735140771636,638.1299270072992,Medium,1
23,39218,Employed,6,4,1,0,0,177263,3948,0.10066806058442553,0.3766616519625342,625.3201336121169,Medium,1
36,10214,Unemployed,7,15,0,3,0,9930,1287,0.12600352457411396,0.08101625220285882,645.0186019189348,Medium,1
22,33581,Self-Employed,17,17,1,1,0,140425,4780,0.14234239599773682,0.3484733430610564,667.0105118966083,Medium,1
20,23195,Employed,8,16,0,3,0,143904,1772,0.07639577495149817,0.5170079758568658,629.8120284544082,Medium,1
18,30127,Employed,0,17,2,2,0,185626,3902,0.12951837222425067,0.513454155187484,628.6505460218409,Medium,1
55,8141,Employed,28,0,4,1,0,59017,3920,0.4815133276010318,0.6041129263399255,495.97162510748063,High,0
32,31884,Employed,21,18,4,5,1,193370,949,0.02976414502571823,0.5053997825450591,466.10431564421026,High,0
51,27885,Employed,16,7,0,5,0,187461,3138,0.11253362022592792,0.5602205486820871,537.8827326519634,High,0
52,5708,Employed,18,2,4,4,0,161597,2416,0.4232655921513665,2.3592180565288485,347.6550455501051,High,0
42,21375,Employed,26,4,0,0,0,85630,2279,0.10661988304093567,0.3338401559454191,637.1752046783625,Medium,1
41,18088,Self-Employed,5,7,0,0,0,36280,1425,0.07878151260504201,0.16714580569069734,665.5174701459531,Medium,1
29,13014,Employed,2,18,3,3,0,129130,1584,0.12171507607192254,0.8268659392449157,585.7822345166744,Medium,1
35,6273,Employed,23,17,3,0,0,147312,1046,0.1667463733460864,1.956958393113343,567.5729316116691,Medium,1
32,33881,Self-Employed,4,17,3,4,0,198923,2165,0.06390012101177651,0.4892688133959053,587.9758566748325,Medium,1
61,34486,Employed,1,0,1,5,0,11544,4023,0.11665603433277272,0.027895377834483558,524.3275532099983,High,0
33,15541,Employed,19,14,3,1,0,194053,1176,0.07567080625442378,1.0405432940823198,598.48690560453,Medium,1
44,11712,Employed,24,17,0,1,1,153404,2160,0.18442622950819673,1.0915015938069217,527.3787568306011,High,0
25,12168,Employed,3,6,2,5,0,162908,1031,0.08473044049967127,1.1156859522244138,482.8911900065747,High,0
63,6551,Self-Employed,9,15,3,2,1,19388,3288,0.5019081056327278,0.24662901338218085,479.9732865211418,High,0
42,15297,Employed,9,15,3,5,0,6694,4526,0.2958750081715369,0.036466845350940275,557.3069882983591,Medium,1
34,30128,Employed,23,14,2,1,1,132727,1315,0.043647105682421666,0.3671197335811648,552.7351633032395,Medium,0
46,5832,Employed,20,5,0,3,0,93202,892,0.15294924554183814,1.3317615454961134,516.7403978052126,High,0
25,31483,Employed,10,8,1,4,1,118057,106,0.0033668964202903154,0.3124887505426209,480.8466473970079,High,0
32,25063,Unemployed,26,6,3,5,0,54294,3080,0.12289031640266529,0.18052507680644775,524.4216574232933,High,0
44,25963,Self-Employed,15,13,2,2,0,43769,744,0.028656164541848016,0.1404851776245683,643.1321495975042,Medium,1
63,16422,Employed,25,10,0,3,0,175492,621,0.037815126050420166,0.8905330248041246,582.0302033857021,Medium,1
24,35920,Employed,28,15,4,5,0,118289,4240,0.11804008908685969,0.27442696733481814,554.3695712694878,Medium,1
20,14156,Employed,28,5,1,3,0,107885,820,0.05792596778751059,0.6350958368654045,559.9431336535745,Medium,1
46,14108,Unemployed,29,15,2,5,1,42855,411,0.029132407144882338,0.25313651828749645,486.31592004536435,High,0
61,34845,Employed,16,19,2,3,0,137532,113,0.003242932988951069,0.32891376094131153,644.8760223848471,Medium,1
41,5800,Employed,15,15,2,0,0,52646,2446,0.42172413793103447,0.7564080459770115,609.0086206896551,Medium,1
20,5610,Employed,6,11,3,3,0,177324,3346,0.5964349376114082,2.634046345811052,385.38502673796785,High,0
37,15067,Employed,15,16,4,0,0,145907,4219,0.28001592885113163,0.8069898896042123,607.9786951616114,Medium,1
63,36872,Employed,2,4,1,1,0,118947,85,0.002305272293339119,0.26882865046647864,623.5936482968106,Medium,1
32,13728,Employed,25,12,0,0,0,15910,4142,0.30171911421911424,0.09657876845376845,667.9989801864801,Medium,1
42,32566,Employed,15,7,0,3,0,87757,1572,0.04827120309525272,0.22456191528997524,605.7337407111711,Medium,1
47,32783,Employed,7,4,4,4,0,13463,2005,0.061159747430070466,0.03422251370120693,540.6074794863191,High,0
31,23583,Employed,29,11,2,4,0,149408,4079,0.17296357545689692,0.5279509251014148,552.5673154390875,Medium,1
24,23238,Unemployed,11,8,2,1,0,31534,803,0.03455546948962906,0.11308345526006254,639.0683363456408,Medium,1
34,10263,Employed,2,2,2,3,0,138441,3334,0.32485627984020266,1.124110883757186,473.5705933937445,High,0
61,4914,Employed,16,2,2,0,0,161453,3349,0.6815221815221815,2.737976529643196,393.9387464387465,High,0
37,26749,Self-Employed,20,0,2,4,0,117296,1069,0.03996411080788067,0.3654217603150274,523.2790010841526,High,0
53,22456,Employed,17,17,4,5,0,90094,2669,0.11885464909155682,0.3343352927205795,560.6773245457784,Medium,1
26,28582,Self-Employed,10,11,3,2,0,92905,4141,0.14488139388426283,0.27087269376997175,601.3618711076901,Medium,1
55,3406,Self-Employed,3,8,1,3,0,30407,2771,0.8135642982971227,0.7439567430025446,477.7348796241926,High,0
39,16689,Employed,15,8,2,5,0,67552,4635,0.2777278446881179,0.33730800727025784,516.4341782012104,High,0
19,35934,Unemployed,16,17,3,5,0,172011,4182,0.11638003005510102,0.39890493682863026,567.1001001836701,Medium,1
41,36276,Employed,8,17,0,3,0,97303,1408,0.03881354063292535,0.2235247362811041,656.9308909471828,Medium,1
25,39432,Employed,5,6,4,2,0,162242,3740,0.09484682491377561,0.34287296273753975,568.0460032460946,Medium,1
28,22873,Employed,23,3,3,4,0,76908,264,0.011541992742534866,0.2801993616928256,536.8029991693263,High,0
30,16050,Employed,26,12,2,2,0,129506,3848,0.23975077881619938,0.6724091381100726,580.8853582554517,Medium,1
34,3680,Self-Employed,19,16,2,1,0,27369,3093,0.8404891304347826,0.6197690217391304,551.9551630434783,Medium,1
25,21908,Self-Employed,24,1,2,0,0,180616,4798,0.2190067555230966,0.6870245268090804,567.4977177286836,Medium,1
38,21504,Self-Employed,1,13,3,0,1,10900,1473,0.06849888392857142,0.04224020337301587,574.2457217261905,Medium,0
35,24644,Unemployed,8,2,2,5,0,45733,4281,0.1737136828436942,0.1546454850403073,509.87562895633823,High,0
47,4363,Self-Employed,27,4,3,4,0,92236,325,0.07449002979601192,1.761708304683322,445.3586981434793,High,0
35,38060,Self-Employed,20,13,2,2,0,136661,1206,0.031686810299527066,0.299222718514626,633.2442196531791,Medium,1
63,4538,Employed,28,2,0,5,0,65044,4492,0.989863375936536,1.1944322021448508,369.55046275892465,High,0
64,39176,Employed,5,6,0,3,0,193998,1504,0.03839085154176026,0.41266336532570963,590.6332958954462,Medium,1
48,28675,Employed,2,17,1,5,0,90553,3534,0.12324324324324325,0.26315896541702993,594.421272885789,Medium,1
55,21287,Self-Employed,19,12,2,3,1,93435,1440,0.06764692065579932,0.3657748860807065,499.93587635646173,High,0
49,3174,Employed,5,9,2,3,0,54008,955,0.3008821676118463,1.4179794160890569,493.815374921235,High,0
28,29732,Employed,6,12,3,1,0,71794,554,0.018633122561549847,0.20122539127315126,645.690501816225,Medium,1
62,37998,Employed,0,15,3,1,0,84134,3254,0.08563608610979526,0.1845140972331877,653.6528238328333,Medium,1
42,15112,Employed,22,8,2,3,0,138938,4139,0.2738883006881948,0.7661571378154226,531.1639756484913,High,0
50,12689,Employed,0,1,1,4,0,57890,4996,0.39372685002758295,0.380184937084614,494.9416817716132,High,0
55,22555,Employed,4,4,2,1,0,120259,4577,0.20292618044779429,0.44431759402940957,578.9898027045001,Medium,1
58,36919,Self-Employed,5,16,3,1,0,177576,2036,0.055147755898047074,0.40082342425309464,649.3328638370486,Medium,1
25,10619,Employed,12,3,2,0,0,189446,1286,0.12110368207929184,1.4866905232758891,541.2661267539315,High,0
28,9033,Self-Employed,1,16,3,5,1,34404,1197,0.13251411491198936,0.31739178567474813,465.0547990700764,High,0
39,7946,Employed,14,8,2,0,0,70223,4661,0.5865844450037755,0.7364606930111587,555.4222250188775,Medium,1
41,27618,Employed,14,19,4,4,0,5637,2267,0.08208414801940764,0.017008834817872402,614.1293721485987,Medium,1
58,37675,Employed,12,1,3,1,0,108186,3629,0.09632382216323822,0.23929661579296616,579.0833443928334,Medium,1
34,39258,Employed,25,17,1,1,0,20828,3465,0.08826226501604768,0.04421179547268497,691.7558204697132,Low,1
29,21919,Employed,24,10,4,2,1,189616,771,0.0351749623614216,0.7208966345788281,472.5252064418997,High,0
63,7173,Employed,13,12,2,4,0,106976,2456,0.342395092708769,1.242808680700776,494.34406803290113,High,0
49,29400,Employed,25,7,3,5,0,50097,470,0.01598639455782313,0.14199829931972788,544.5617346938775,High,0
32,7769,Employed,21,0,4,5,0,118271,1370,0.17634187154073883,1.2686210151456645,412.7217145063715,High,0
33,17211,Employed,6,16,1,5,0,37022,3132,0.18197664284469234,0.17925551488389208,587.4074719656035,Medium,1
39,26255,Self-Employed,13,11,3,4,0,37202,671,0.02555703675490383,0.11807909604519774,584.8484098266996,Medium,1
45,30962,Self-Employed,25,3,4,2,0,33704,1174,0.037917447193333766,0.09071334754430162,575.0071054841418,Medium,1
37,22356,Employed,23,12,4,2,1,96411,110,0.004920379316514582,0.3593777956700662,507.84688674181433,High,0
50,23306,Unemployed,26,8,4,0,0,134688,3559,0.1527074573071312,0.4815927229039732,602.7795417489059,Medium,1
27,7997,Employed,28,6,0,4,0,28641,1026,0.12829811179192196,0.2984556708765787,566.6968863323747,Medium,1
57,20376,Self-Employed,9,4,2,4,0,42479,3554,0.17442088731841382,0.1737297146970292,538.6457106399687,High,0
49,13578,Self-Employed,16,4,3,2,0,27027,3233,0.23810575931654146,0.16587494476358816,561.4748121961998,Medium,1
50,21624,Self-Employed,13,16,3,3,0,47912,4439,0.20528116907140215,0.184640522875817,604.2878283388827,Medium,1
19,3389,Employed,7,8,3,3,0,113227,1472,0.43434641487164355,2.7841792072391067,380.82767778105637,High,0
50,36767,Employed,3,5,4,0,0,133773,2379,0.06470476242282482,0.3031998803274676,609.043435689613,Medium,1
50,4855,Employed,25,18,2,3,0,114658,4872,1.0035015447991762,1.9680398214898729,421.49742533470646,High,0
58,16794,Employed,15,15,1,3,0,47692,2971,0.17690841967369297,0.2366519788813465,619.571870906276,Medium,1
30,38531,Employed,23,1,3,3,0,103884,2381,0.061794399314837406,0.2246762347200955,544.1040979990138,High,0
47,7986,Employed,12,9,2,1,1,37209,3290,0.41197094916103183,0.3882732281492612,482.2670924117205,High,0
50,35298,Employed,21,15,2,0,0,193635,4753,0.13465352144597428,0.4571434642189359,661.412969573347,Medium,1
30,4481,Employed,26,4,0,2,0,61738,1833,0.40906047757197056,1.1481440154727367,512.0241017629993,High,0
43,6731,Self-Employed,24,14,3,3,0,42242,453,0.06730054969543901,0.5229782597929976,590.5452384489674,Medium,1
39,19835,Unemployed,26,12,4,5,0,146013,740,0.037307789261406606,0.6134484497101084,528.7161583060247,High,0
56,30798,Unemployed,19,12,2,1,0,143145,2380,0.07727774530813689,0.3873222287161504,637.4873368400546,Medium,1
19,29113,Employed,17,12,2,3,0,112966,2357,0.08096039569951569,0.3233549731505971,600.8834541270223,Medium,1
55,22477,Self-Employed,13,14,1,1,1,173899,1443,0.06419895893580103,0.6447294271180911,543.6123593006184,High,0
56,20266,Unemployed,17,13,0,0,0,182297,3680,0.18158492055659725,0.7496011381953354,648.2337412414881,Medium,1
43,23792,Employed,4,7,2,5,1,173168,1748,0.07347007397444519,0.6065344093252634,419.79152656355075,High,0
63,23452,Employed,25,10,2,5,0,186618,2401,0.10237932798908408,0.6631204161691967,527.9272556711582,High,0
32,14889,Unemployed,8,17,4,5,0,71457,4919,0.3303781315064813,0.39994291087379946,531.3580495667943,High,0
51,27335,Employed,27,3,4,3,0,134257,3171,0.11600512163892446,0.4092951649289677,526.521675507591,High,0
59,14254,Employed,2,9,1,1,0,73309,4240,0.2974603620036481,0.4285872971329685,603.5895187315841,Medium,1
61,24074,Employed,7,0,1,5,0,91496,2006,0.08332641023510842,0.3167178975935311,510.99775691617515,High,0
57,14442,Employed,19,4,1,4,0,166340,1786,0.1236670821215898,0.9598162766006555,507.57097354936985,High,0
28,19199,Self-Employed,21,12,4,4,0,115078,1409,0.07338923902286577,0.49949650155390035,551.2235012240221,Medium,1
20,10291,Self-Employed,9,0,4,1,0,178150,1762,0.17121756874939267,1.4426035694619894,482.89767758235354,High,0
23,3112,Employed,21,7,0,3,0,6865,909,0.2920951156812339,0.1838314053127678,578.9187017994858,Medium,1
26,24515,Employed,18,2,3,3,0,101242,760,0.031001427697328166,0.3441498402338704,545.6308382622884,High,0
23,22581,Employed,29,2,3,0,0,33887,3240,0.1434834595456357,0.12505720148207194,605.2785527655993,Medium,1
26,29500,Employed,20,6,0,0,0,185948,2689,0.09115254237288135,0.5252768361581921,637.5450847457628,Medium,1
56,35026,Employed,27,3,3,5,0,101047,530,0.015131616513447153,0.24040950531985764,518.7596356991949,High,0
48,19523,Unemployed,2,2,4,2,0,169551,1359,0.069610203349895,0.723723300722225,528.2233775546791,High,0
49,4424,Employed,10,14,3,0,0,133863,3818,0.8630198915009042,2.521530289330922,435.1457956600362,High,0
58,22552,Employed,10,7,4,3,0,45478,2027,0.08988116353316779,0.16804865791651885,564.1313409010287,Medium,1
29,13808,Self-Employed,16,2,0,2,1,162473,2560,0.1853997682502897,0.9805487157203554,438.9191048667439,High,0
25,9989,Employed,15,6,1,0,1,164574,2177,0.21793973370707778,1.37296025628191,461.469616578236,High,0
25,26620,Self-Employed,6,17,0,1,1,116750,1537,0.05773854244928625,0.36548334585524667,586.1423741547709,Medium,0
45,3887,Self-Employed,3,10,3,4,0,18394,1273,0.32750192950861845,0.3943486836463425,527.0388474401852,High,0
37,34802,Self-Employed,29,10,4,0,0,145334,2781,0.07990920062065399,0.3480020305346436,629.5307740934429,Medium,1
64,22488,Employed,22,16,3,0,0,9487,946,0.04206688011383849,0.0351557867899917,692.8426271789399,Low,1
24,33013,Employed,18,5,3,1,0,163413,1298,0.03931784448550571,0.4124965922515373,595.532063126647,Medium,1
28,19402,Employed,11,7,1,3,1,113924,2511,0.12941964745902484,0.48931381644504,470.11081331821464,High,0
37,24205,Employed,14,0,3,5,0,149642,2188,0.09039454658128486,0.5151896990979825,478.2412724643669,High,0
33,29049,Self-Employed,10,9,1,1,0,62268,881,0.030328066370615168,0.1786292127095597,650.6428792729525,Medium,1
21,15253,Self-Employed,4,18,4,5,0,34605,1847,0.12109093293122665,0.1890611682947617,574.1254179505671,Medium,1
23,21990,Self-Employed,4,2,4,0,0,76602,1975,0.08981355161437017,0.29029104138244655,591.8049113233287,Medium,1
39,10846,Unemployed,14,3,1,3,0,162795,4268,0.3935091277890467,1.2508067490319013,472.73049972340027,High,0
43,28027,Self-Employed,28,10,0,2,0,83206,4568,0.16298569236807364,0.24739834207490397,625.597816391337,Medium,1
20,6765,Employed,17,14,4,0,1,196170,2964,0.4381374722838137,2.416481892091648,382.4345898004434,High,0
58,18950,Employed,10,0,0,1,1,98375,3063,0.16163588390501318,0.43260773966578714,484.6472295514512,High,0
59,12741,Self-Employed,25,8,4,2,0,184779,3128,0.24550663213248566,1.2085589828113963,508.025665175418,High,0
31,25742,Employed,11,10,4,4,0,185100,497,0.019306969155465776,0.5992152901872426,541.7302462901096,High,0
28,27703,Employed,1,18,2,2,0,98937,2216,0.07999133667833809,0.297612171966935,652.5443092805834,Medium,1
35,25931,Employed,19,12,3,1,0,61921,988,0.038101114496162894,0.1989928399727482,643.4882958620955,Medium,1
29,26580,Self-Employed,14,15,3,2,1,65760,2608,0.0981188863807374,0.20617005267118135,530.8555304740406,High,0
40,18166,Employed,19,3,0,1,0,146321,2475,0.13624353187272928,0.6712218797020074,588.3774633931521,Medium,1
29,32240,Self-Employed,3,0,3,0,0,72847,4514,0.14001240694789083,0.1882935277088503,591.900899503722,Medium,1
30,28991,Self-Employed,21,19,0,3,0,102547,1370,0.047256044979476386,0.2947667666977108,661.6432686006002,Medium,1
42,35969,Employed,17,12,4,4,0,48839,3588,0.09975256470849898,0.11315067604511292,571.2406516722733,Medium,1
62,13561,Employed,5,0,2,3,0,44673,2502,0.18449966816606445,0.2745188407934518,531.3889093724652,High,0
36,19901,Employed,22,4,2,3,0,8642,4809,0.24164614843475202,0.03618746126660302,558.8312145118337,Medium,1
63,33020,Self-Employed,26,4,4,3,0,142410,178,0.005390672319806178,0.35940339188370685,547.7889158086008,High,0
53,28917,Self-Employed,25,13,1,1,0,56761,1929,0.06670816474738044,0.1635744832912589,667.1805512328389,Medium,1
62,4988,Unemployed,18,13,1,1,0,14622,2548,0.5108259823576584,0.24428628708901362,609.0437048917402,Medium,1
25,17256,Employed,10,7,3,4,0,53423,4834,0.28013444598980064,0.25799238912069233,525.9043231339823,High,0
46,25192,Employed,27,3,0,1,0,47873,111,0.004406160685932042,0.15836045834656504,634.9696332168943,Medium,1
49,31230,Employed,23,6,2,5,0,52565,3219,0.10307396733909702,0.14026310171843312,539.2153378162024,High,0
61,25625,Self-Employed,1,19,3,1,0,143878,714,0.027863414634146343,0.4678959349593496,663.5826341463415,Medium,1
35,35088,Employed,26,18,4,1,0,5757,1401,0.039928180574555404,0.013672765617875057,674.3882523939808,Medium,1
23,17114,Employed,7,14,2,1,0,157542,2924,0.1708542713567839,0.7671204861516887,613.4702582680845,Medium,1
35,8755,Employed,28,3,0,0,1,11220,1381,0.1577384351798972,0.10679611650485436,539.6636207881211,High,0
36,13825,Employed,10,18,0,4,0,113408,3127,0.22618444846292948,0.6835925256178421,591.8423146473779,Medium,1
39,25693,Employed,4,8,1,5,0,96851,4908,0.19102479274510567,0.31412901049572517,538.2292842408439,High,0
54,7117,Employed,17,12,3,1,0,190826,3011,0.42307151889841227,2.23439183176432,475.1679078263313,High,0
49,27729,Employed,22,13,4,4,0,98329,1208,0.04356449926070179,0.2955059083751067,572.0419055862094,Medium,1
58,35182,Employed,29,13,2,2,0,132636,3125,0.08882383036780171,0.3141663350577,625.4911602524018,Medium,1
20,31890,Self-Employed,17,9,0,0,1,158577,36,0.0011288805268109125,0.4143853872687363,570.0014111006585,Medium,0
45,32340,Self-Employed,13,15,2,1,0,33288,1828,0.05652442795299938,0.08577612863327148,673.0705009276438,Medium,1
27,4518,Employed,21,4,4,5,0,79492,3060,0.6772908366533864,1.4662092371255717,360.7525453740593,High,0
52,33949,Self-Employed,9,5,2,0,0,24109,3341,0.0984123243689063,0.05917945545769635,639.6397537482694,Medium,1
46,25547,Employed,2,1,3,5,0,139569,3941,0.1542646886131444,0.45526872039769833,479.17211414256076,High,0
32,19346,Employed,8,12,1,0,0,62326,809,0.04181742995968159,0.26847065715565666,678.8736689754988,Medium,1
50,5600,Unemployed,2,12,2,2,0,14864,3072,0.5485714285714286,0.2211904761904762,570.9,Medium,1
24,32267,Self-Employed,10,18,1,4,0,92562,4118,0.1276226485263582,0.23905228251774258,620.3421452257725,Medium,1
29,39322,Self-Employed,11,17,4,0,0,79310,1526,0.03880779207568282,0.16807809029720427,680.2583795330858,Low,1
47,29990,Employed,11,18,1,3,0,124454,3519,0.11733911303767923,0.3458208291652773,635.1700566855618,Medium,1
38,19193,Employed,2,0,2,2,0,26017,4891,0.25483249101234823,0.11296219107660779,552.6423696139217,Medium,1
48,33109,Unemployed,20,7,2,3,0,137893,495,0.01495061765683047,0.3470682694534215,582.381829713975,Medium,1
41,22233,Employed,6,15,0,2,0,55337,4995,0.22466603697206855,0.20741315462000928,645.5952862861512,Medium,1
37,19194,Employed,13,1,2,3,0,181557,424,0.02209023653224966,0.7882541419193498,525.0539231009691,High,0
54,37510,Self-Employed,23,7,1,3,0,88557,2747,0.07323380431884831,0.1967408691015729,594.4074913356438,Medium,1
21,4306,Self-Employed,27,5,0,5,0,192460,2065,0.47956339990710634,3.7246477782938534,300.0,High,0
45,6849,Unemployed,10,15,2,0,0,15372,1982,0.28938531172433934,0.18703460359176521,659.0516863775733,Medium,1
61,15360,Employed,6,10,2,0,0,105050,1468,0.09557291666666666,0.5699327256944444,634.3352864583334,Medium,1
37,32231,Unemployed,24,16,4,2,0,98938,3800,0.11789891719152369,0.25580445326962653,620.5038627408395,Medium,1
41,39963,Employed,20,18,0,4,0,76333,1233,0.030853539524059757,0.15917431957894385,646.7471160823762,Medium,1
49,21689,Employed,9,10,4,5,0,21283,1797,0.08285305915441007,0.08177340280019058,545.1512287334593,High,0
58,32084,Self-Employed,10,7,4,0,0,45857,564,0.01757885550430121,0.11910661596642148,635.7441403814986,Medium,1
53,12280,Employed,14,3,4,0,0,56772,3019,0.24584690553745928,0.3852605863192182,572.3827361563518,Medium,1
51,5642,Employed,18,10,3,5,0,195742,1304,0.23112371499468273,2.891143802434125,368.7965260545906,High,0
53,17296,Self-Employed,15,7,4,1,0,100856,132,0.007631822386679001,0.4859312365094049,594.9283071230342,Medium,1
19,18438,Employed,21,8,1,5,0,167333,448,0.024297646165527716,0.7562868351592725,531.7070723505803,High,0
32,5994,Employed,20,1,2,0,0,193226,1830,0.3053053053053053,2.686380825269714,437.18051384718046,High,0
51,37039,Employed,27,15,3,4,0,11107,2158,0.05826291206566052,0.024989425560445297,606.509085018494,Medium,1
53,4813,Employed,19,5,4,1,0,40561,3626,0.753376272595055,0.7022820139898885,482.4579264492001,High,0
23,30491,Employed,11,18,2,3,0,171340,849,0.02784428191925486,0.4682802575623408,628.561870715949,Medium,1
56,21845,Self-Employed,17,7,0,5,0,167680,3962,0.18136873426413366,0.639658197909514,524.8562600137332,High,0
59,16318,Self-Employed,22,13,0,3,0,18138,1480,0.09069738938595416,0.09262777301139846,638.5586468930015,Medium,1
29,20200,Employed,12,15,2,1,0,173765,900,0.04455445544554455,0.7168523102310231,636.6423267326733,Medium,1
20,3082,Self-Employed,4,11,1,1,0,129143,4854,1.5749513303049967,3.49186134544668,300.0,High,0
62,4920,Employed,3,4,2,1,0,157320,1539,0.3128048780487805,2.6646341463414633,432.5853658536586,High,0
35,14683,Employed,27,18,2,2,0,23632,1899,0.12933324252536949,0.13412336261890168,656.4326091398216,Medium,1
57,14336,Self-Employed,13,17,3,5,1,52547,2944,0.20535714285714285,0.30544898623511907,462.03020368303567,High,0
38,18596,Employed,7,8,0,4,0,17100,4957,0.26656270165627016,0.07662938266293827,573.4147128414712,Medium,1
32,5093,Unemployed,8,1,0,4,0,52930,3244,0.6369526801492245,0.8660579880882256,446.60219909679955,High,0
50,15905,Employed,24,19,4,3,0,58025,514,0.03231688148381012,0.304018652415383,622.8808550770198,Medium,1
52,27351,Self-Employed,18,11,2,3,0,83944,1591,0.05816971957149647,0.25576151999317515,602.6739424518299,Medium,1
43,33981,Employed,2,1,2,3,0,186912,83,0.002442541420205409,0.45837379712192106,547.20446720226,High,0
25,11367,Employed,4,9,1,5,0,155441,3742,0.3291985572270608,1.1395633559133163,477.12237177795373,High,0
53,8285,Employed,20,0,0,0,0,154532,4893,0.5905853952926976,1.5543351438342385,485.86964393482197,High,0
47,19753,Self-Employed,25,3,1,3,0,96641,2127,0.10767984609932668,0.40770600246376076,557.6160583202552,Medium,1
40,21485,Employed,17,11,3,1,0,101920,1601,0.0745171049569467,0.39531456054611747,622.3390737723993,Medium,1
59,15977,Unemployed,0,8,4,3,0,137533,4617,0.28897790573950055,0.7173488973733074,512.2817174688615,High,0
61,22874,Employed,7,3,1,1,0,47362,1222,0.05342310046340824,0.17254670513829384,618.2364256360934,Medium,1
31,10674,Employed,18,8,0,2,0,33610,4329,0.40556492411467115,0.26239772656298793,585.5883455124603,Medium,1
31,32038,Employed,16,5,3,0,1,109334,1842,0.05749422560709158,0.2843862496618599,521.0375179474374,High,0
19,32315,Self-Employed,16,0,2,0,0,157067,2291,0.07089586879158286,0.4050415183867141,597.1900046418071,Medium,1
54,6676,Unemployed,10,9,3,5,0,12717,1589,0.23801677651288197,0.15874026363091673,526.9135710005992,High,0
22,5426,Employed,1,13,1,5,0,69022,2896,0.5337265020272761,1.0600503747389114,477.34979727239215,High,0
55,27473,Self-Employed,5,17,0,4,0,189740,4488,0.16336039020128854,0.5755347674686662,600.8646671277254,Medium,1
62,5962,Employed,21,5,1,2,0,56645,8,0.0013418316001341832,0.791750531141675,577.3339483394834,Medium,1
58,32943,Self-Employed,13,17,2,5,0,34550,4708,0.14291351728743587,0.08739843568183428,592.6064717845976,Medium,1
64,3859,Unemployed,2,19,2,1,1,139648,714,0.18502202643171806,3.0156344476116437,401.8592899714953,High,0
31,7138,Employed,11,15,0,2,0,45868,1927,0.26996357523115716,0.5354908004109461,620.4749229476043,Medium,1
56,38192,Employed,3,14,4,0,0,103039,109,0.0028540008378718056,0.22482675254852674,666.1679147465437,Medium,1
42,28640,Unemployed,11,15,3,1,0,182452,4929,0.17210195530726258,0.5308775605214152,622.4951117318435,Medium,1
37,13409,Unemployed,12,7,3,2,0,141800,265,0.019762845849802372,0.8812489124220051,559.7535237527035,Medium,1
19,7017,Employed,1,12,2,0,0,37800,3223,0.45931309676499926,0.44890979050876445,607.9478409576742,Medium,1
56,13451,Employed,1,10,1,5,0,15886,954,0.07092409486283548,0.0984189527420514,575.5839714519366,Medium,1
23,31327,Employed,14,6,1,1,0,183308,1349,0.043061895489513835,0.4876198380523723,615.575382258116,Medium,1
